rollout/ep_rew_mean,rollout/ep_len_mean,time/fps,time/time_elapsed,time/total_timesteps,time/iterations,train/clip_range,train/approx_kl,train/clip_fraction,train/value_loss,train/loss,train/policy_gradient_loss,train/std,train/entropy_loss,train/n_updates,train/learning_rate,train/explained_variance
-91.8138427734375,288.0,3544,1,4096,1,,,,,,,,,,,
-91.84793090820312,288.0,2844,2,8192,2,0.2,0.0039695557,0.021826171875,57.997370052337644,24.11536407470703,-0.00398088208748959,0.9950135350227356,-7.0833246350288395,10,0.0003,-0.05159783363342285
-91.81668853759766,288.0,2760,4,12288,3,0.2,0.0062134503,0.0423828125,37.64999380111694,14.717427253723145,-0.00514111234806478,0.9935401082038879,-7.064109623432159,20,0.0003,0.10941898822784424
-91.82457733154297,288.0,2712,6,16384,4,0.2,0.0045684036,0.018896484375,37.20139122009277,15.175389289855957,-0.002632282389095053,0.9908558130264282,-7.056847190856933,30,0.0003,0.19071459770202637
-91.7879409790039,288.0,2553,8,20480,5,0.2,0.005051933,0.0098388671875,52.875877952575685,22.02579116821289,-0.003288924432126805,0.9900304079055786,-7.045576727390289,40,0.0003,0.25608181953430176
-91.76021575927734,288.0,2325,10,24576,6,0.2,0.00414215,0.006884765625,53.88067855834961,22.801240921020508,-0.0018292729306267574,0.9912921786308289,-7.0467148423194885,50,0.0003,0.2770654559135437
-91.7093505859375,288.0,2321,12,28672,7,0.2,0.0034673251,0.006005859375,46.96658906936646,21.63056182861328,-0.0025290675344876944,0.9925199747085571,-7.0548210620880125,60,0.0003,0.28545236587524414
-91.73080444335938,288.0,2344,13,32768,8,0.2,0.0041115503,0.0090576171875,32.206208562850954,13.705885887145996,-0.0016345764917787165,0.9933401346206665,-7.059462749958039,70,0.0003,0.3024345636367798
-91.69708251953125,288.0,2258,16,36864,9,0.2,0.005358541,0.0151611328125,46.57947702407837,20.328567504882812,-0.0030275069701019676,0.9941452145576477,-7.062027180194855,80,0.0003,0.32972294092178345
-91.66851806640625,288.0,2084,19,40960,10,0.2,0.004076464,0.009521484375,52.29205093383789,25.021108627319336,-0.0028530768875498326,0.9954975843429565,-7.069672417640686,90,0.0003,0.3740648627281189
-91.59475708007812,288.0,1941,23,45056,11,0.2,0.005582585,0.013232421875,49.38456239700317,21.901325225830078,-0.0025547187949996443,0.9949955940246582,-7.070995652675629,100,0.0003,0.42951107025146484
-91.59526062011719,288.0,1923,25,49152,12,0.2,0.0064778533,0.041748046875,34.55860657691956,13.714296340942383,-0.004900196590460837,0.9925792813301086,-7.062501549720764,110,0.0003,0.47872984409332275
-91.57349395751953,288.0,1938,27,53248,13,0.2,0.006442434,0.0266845703125,32.354532194137576,14.408052444458008,-0.003051257343031466,0.9895156621932983,-7.049841129779816,120,0.0003,0.5583751201629639
-91.61852264404297,288.0,1957,29,57344,14,0.2,0.0048143696,0.01201171875,44.78280591964722,19.9659423828125,-0.00265507033909671,0.9883379936218262,-7.0375409603118895,130,0.0003,0.6253617405891418
-91.6485824584961,288.0,2000,30,61440,15,0.2,0.003496789,0.0062255859375,44.16693515777588,20.409149169921875,-0.002154345138114877,0.9891185760498047,-7.037573111057282,140,0.0003,0.6328213214874268
-91.63447570800781,288.0,1983,33,65536,16,0.2,0.003591061,0.0062744140625,39.32833776473999,17.080591201782227,-0.001550041660084389,0.9886131286621094,-7.0383998394012455,150,0.0003,0.6992956399917603
-91.65026092529297,288.0,1980,35,69632,17,0.2,0.005290189,0.0217041015625,23.828211402893068,11.304282188415527,-0.0027766686398535967,0.9878129959106445,-7.033743619918823,160,0.0003,0.7547916173934937
-91.65271759033203,288.0,1956,37,73728,18,0.2,0.0051813694,0.016357421875,35.328306102752684,16.361080169677734,-0.0029213954345323145,0.9882959127426147,-7.0331585764884945,170,0.0003,0.7456197738647461
-91.63138580322266,288.0,1967,39,77824,19,0.2,0.0046896283,0.0176513671875,39.427228164672854,18.279787063598633,-0.0025180954311508686,0.9897774457931519,-7.039479148387909,180,0.0003,0.7697091698646545
-91.6604232788086,288.0,1625,50,81920,20,0.2,0.006511252,0.024462890625,38.24043235778809,18.05824851989746,-0.003697186539648101,0.9922736883163452,-7.047368121147156,190,0.0003,0.7352932691574097
-91.71003723144531,288.0,1625,52,86016,21,0.2,0.0034055426,0.0045166015625,27.30350947380066,12.248001098632812,-0.0015998067101463675,0.9915286302566528,-7.055826425552368,200,0.0003,0.8185957670211792
-91.74979400634766,288.0,1641,54,90112,22,0.2,0.004924825,0.02197265625,24.986967945098876,11.729413032531738,-0.0025070286850677804,0.9904718399047852,-7.047333025932312,210,0.0003,0.810363233089447
-91.73650360107422,288.0,1659,56,94208,23,0.2,0.0063637476,0.030810546875,35.89505820274353,15.985344886779785,-0.003780648743850179,0.990196704864502,-7.0460702776908875,220,0.0003,0.8176252245903015
-91.77745819091797,288.0,1685,58,98304,24,0.2,0.0046552895,0.0146484375,33.95548672676087,16.546466827392578,-0.0024059169925749304,0.9909824132919312,-7.046380639076233,230,0.0003,0.8065840601921082
-91.76873779296875,288.0,1714,59,102400,25,0.2,0.0049752826,0.0202880859375,32.70158867835998,15.374496459960938,-0.002929163338558283,0.9888655543327332,-7.045912253856659,240,0.0003,0.8174604177474976
-91.8446273803711,288.0,1740,61,106496,26,0.2,0.004378584,0.027783203125,19.82089171409607,9.95703125,-0.0039970784215256575,0.990866482257843,-7.041816020011902,250,0.0003,0.8647962212562561
-91.81002044677734,288.0,1770,62,110592,27,0.2,0.0044795065,0.027783203125,27.182152795791627,12.661526679992676,-0.0031790469540283082,0.9896388053894043,-7.046229648590088,260,0.0003,0.8535905480384827
-91.7583236694336,288.0,1798,63,114688,28,0.2,0.0053355894,0.040185546875,29.85063214302063,13.185111999511719,-0.004153165206662379,0.9887036085128784,-7.040000808238983,270,0.0003,0.867142379283905
-91.67037200927734,288.0,1819,65,118784,29,0.2,0.004819166,0.0266845703125,27.88218116760254,12.198466300964355,-0.0028410596452886237,0.9908515214920044,-7.041109108924866,280,0.0003,0.8374818563461304
-91.68523406982422,288.0,1843,66,122880,30,0.2,0.004395044,0.0303466796875,22.527645874023438,10.084274291992188,-0.0038122727884911,0.9931459426879883,-7.052767503261566,290,0.0003,0.8842196464538574
-91.7166519165039,288.0,1863,68,126976,31,0.2,0.0044211033,0.0294677734375,18.173201966285706,8.475730895996094,-0.003397823465638794,0.9902874827384949,-7.054358696937561,300,0.0003,0.8895028233528137
-91.77494812011719,288.0,1877,69,131072,32,0.2,0.004469407,0.0153076171875,27.016719150543214,12.31348991394043,-0.0024163640890037643,0.9898822903633118,-7.0417351722717285,310,0.0003,0.8884641528129578
-91.75289916992188,288.0,1894,71,135168,33,0.2,0.0038042082,0.0255615234375,24.923948431015013,11.431379318237305,-0.0028993807412916795,0.9914851188659668,-7.048060119152069,320,0.0003,0.8859635591506958
-91.8709945678711,288.0,1892,73,139264,34,0.2,0.0041136,0.0218505859375,26.05265383720398,12.709878921508789,-0.002441364276455715,0.9903252720832825,-7.049502182006836,330,0.0003,0.8771809339523315
-91.94906616210938,288.0,1895,75,143360,35,0.2,0.004218432,0.0178955078125,16.331723594665526,8.354119300842285,-0.0025376277131726964,0.9943710565567017,-7.054217684268951,340,0.0003,0.9175514578819275
-92.03286743164062,288.0,1806,81,147456,36,0.2,0.0044088406,0.032421875,20.094907665252684,9.893107414245605,-0.003207599592860788,0.9987655878067017,-7.078208780288696,350,0.0003,0.9124823808670044
-92.00834655761719,288.0,1752,86,151552,37,0.2,0.004400348,0.019140625,22.101162052154542,9.758971214294434,-0.002803046166081913,0.999111533164978,-7.089760029315949,360,0.0003,0.9210853576660156
-92.06561279296875,288.0,1698,91,155648,38,0.2,0.0046783644,0.029248046875,21.056136560440063,9.755816459655762,-0.002769862022250891,0.998262882232666,-7.08806962966919,370,0.0003,0.9018888473510742
-92.06420135498047,288.0,1658,96,159744,39,0.2,0.00537125,0.0167724609375,18.127059054374694,8.219122886657715,-0.003663549752673134,0.9985247850418091,-7.084739303588867,380,0.0003,0.930056095123291
-92.14380645751953,288.0,1615,101,163840,40,0.2,0.0040968526,0.02509765625,12.803283405303954,5.233628273010254,-0.0028516393795143813,0.9958950281143188,-7.081963121891022,390,0.0003,0.9407826066017151
-92.1196060180664,288.0,1577,106,167936,41,0.2,0.0057958374,0.030224609375,18.96830153465271,8.787313461303711,-0.0032464047137182204,0.9936802983283997,-7.06649786233902,400,0.0003,0.9386703372001648
-92.08854675292969,288.0,1539,111,172032,42,0.2,0.0051058466,0.015478515625,16.76489942073822,8.117753028869629,-0.002813031105324626,0.9888461828231812,-7.051293528079986,410,0.0003,0.9406008124351501
-92.04715728759766,288.0,1496,117,176128,43,0.2,0.0048774597,0.0386474609375,17.418555283546446,7.880207538604736,-0.0036763593554496763,0.9899481534957886,-7.038462507724762,420,0.0003,0.9382135272026062
-92.03512573242188,288.0,1471,122,180224,44,0.2,0.0060506896,0.0489013671875,10.99425687789917,5.091109752655029,-0.004974849143764004,0.9908912777900696,-7.04651643037796,430,0.0003,0.9591888785362244
-91.9448013305664,288.0,1444,127,184320,45,0.2,0.0056260796,0.037890625,13.250490617752074,6.320063591003418,-0.003994130564387887,0.9888200759887695,-7.044890415668488,440,0.0003,0.9547435641288757
-91.89411926269531,288.0,1458,129,188416,46,0.2,0.0056713894,0.0263916015625,14.29144229888916,6.139613151550293,-0.0029785603343043475,0.9916054606437683,-7.043125796318054,450,0.0003,0.9600782990455627
-91.75476837158203,288.0,1473,130,192512,47,0.2,0.0041257176,0.0150390625,13.033540868759156,6.041712284088135,-0.0027406013221479954,0.9914687871932983,-7.054215228557586,460,0.0003,0.9521544575691223
-91.62309265136719,288.0,1486,132,196608,48,0.2,0.00504382,0.032421875,12.495457768440247,6.373545169830322,-0.003072523063747212,0.9901895523071289,-7.048931539058685,470,0.0003,0.9649801850318909
-91.61701202392578,288.0,1501,133,200704,49,0.2,0.0055901026,0.0356689453125,7.834285509586334,3.53558349609375,-0.0033743021747795867,0.9871923327445984,-7.037876105308532,480,0.0003,0.9719992876052856
-91.57704162597656,288.0,1513,135,204800,50,0.2,0.005001073,0.0214599609375,11.555477094650268,5.10780143737793,-0.0028475854371208696,0.9910677671432495,-7.038637125492096,490,0.0003,0.9695022702217102
-91.47643280029297,288.0,1525,136,208896,51,0.2,0.003951985,0.0193115234375,9.466174411773682,4.360350608825684,-0.0019963958766311407,0.9938820004463196,-7.057930040359497,500,0.0003,0.9736207127571106
-91.41678619384766,288.0,1539,138,212992,52,0.2,0.005065969,0.02880859375,9.998192644119262,4.58036994934082,-0.0032236340688541532,0.994530975818634,-7.06595162153244,510,0.0003,0.9717419147491455
-91.42915344238281,288.0,1550,140,217088,53,0.2,0.0057818266,0.0384765625,6.6440006494522095,2.8504021167755127,-0.004184711488778703,0.9948636293411255,-7.068991851806641,520,0.0003,0.9811400771141052
-91.38776397705078,288.0,1562,141,221184,54,0.2,0.005010199,0.029052734375,7.0053956508636475,3.0851857662200928,-0.004186150210443884,0.9938638806343079,-7.066259610652923,530,0.0003,0.9797890186309814
-91.38231658935547,288.0,1572,143,225280,55,0.2,0.0051024626,0.0299560546875,7.640593087673187,3.5384058952331543,-0.0038032682670745997,0.9976739883422852,-7.069930791854858,540,0.0003,0.9818316102027893
-91.31912994384766,288.0,1584,144,229376,56,0.2,0.0049948306,0.02734375,7.049848747253418,2.8020052909851074,-0.002552850649226457,0.9967373013496399,-7.081670463085175,550,0.0003,0.9783105850219727
-91.39593505859375,288.0,1597,146,233472,57,0.2,0.0061615976,0.03291015625,7.430172538757324,3.289482831954956,-0.002732839994132519,0.9942486882209778,-7.071517479419708,560,0.0003,0.9826875925064087
-91.33306884765625,288.0,1610,147,237568,58,0.2,0.004482904,0.0460693359375,4.957272523641587,2.3355138301849365,-0.0029481710720574484,0.9913569688796997,-7.057699251174927,570,0.0003,0.9858649969100952
-91.2892074584961,288.0,1621,149,241664,59,0.2,0.0052427403,0.0394287109375,6.4749110579490665,2.6344423294067383,-0.0030497873260173945,0.9893015623092651,-7.045665574073792,580,0.0003,0.9845070838928223
-91.2250747680664,288.0,1627,151,245760,60,0.2,0.005134563,0.01318359375,4.879387831687927,1.9753509759902954,-0.0017656297073699533,0.9869014620780945,-7.034112024307251,590,0.0003,0.9878658056259155
-91.25212097167969,288.0,1638,152,249856,61,0.2,0.0042906655,0.0371337890625,5.6797472655773165,1.9888520240783691,-0.003110642888350412,0.9875906109809875,-7.029394328594208,600,0.0003,0.9852190017700195
-91.26757049560547,288.0,1651,153,253952,62,0.2,0.0047424207,0.0432373046875,4.270902687311173,1.6865832805633545,-0.003826766193378717,0.9869853854179382,-7.028918814659119,610,0.0003,0.9900532364845276
-91.18370819091797,288.0,1662,155,258048,63,0.2,0.0044913683,0.050048828125,4.0070960342884065,1.7175438404083252,-0.003969610575586558,0.9843685030937195,-7.02103842496872,620,0.0003,0.9898418188095093
-91.1509780883789,288.0,1675,156,262144,64,0.2,0.0050279424,0.0380859375,4.175512808561325,2.0133049488067627,-0.002606875344645232,0.9817635416984558,-7.007806825637817,630,0.0003,0.9908891916275024
-91.14990997314453,288.0,1686,157,266240,65,0.2,0.0043544983,0.0322509765625,3.874698984622955,1.6659585237503052,-0.003428201930364594,0.9809423685073853,-6.997796273231506,640,0.0003,0.988795816898346
-91.1274185180664,288.0,1698,159,270336,66,0.2,0.0040932917,0.0113525390625,4.176713281869889,1.8403078317642212,-0.001970402803272009,0.9845182299613953,-7.0043136239051815,650,0.0003,0.9908334016799927
-91.0636215209961,288.0,1709,160,274432,67,0.2,0.00548961,0.05009765625,3.2424913108348847,1.1637721061706543,-0.004161308769835159,0.9862421751022339,-7.017758905887604,660,0.0003,0.9920284152030945
-91.04987335205078,288.0,1720,161,278528,68,0.2,0.005649174,0.0329345703125,3.9246770203113557,1.7075811624526978,-0.002416113967774436,0.9858967065811157,-7.022206246852875,670,0.0003,0.9914247989654541
-90.9986343383789,288.0,1730,163,282624,69,0.2,0.006518647,0.04189453125,2.677164649963379,1.3046149015426636,-0.00562130351900123,0.9867032170295715,-7.019136226177215,680,0.0003,0.9939070343971252
-90.93565368652344,288.0,1740,164,286720,70,0.2,0.006195926,0.0501708984375,3.494446671009064,2.017911911010742,-0.0030734828964341433,0.9824018478393555,-7.013970303535461,690,0.0003,0.991562008857727
-90.89907836914062,288.0,1751,166,290816,71,0.2,0.0054299575,0.03837890625,3.0537847578525543,1.0793938636779785,-0.002582417879602872,0.9811983108520508,-6.995132100582123,700,0.0003,0.9936973452568054
-90.80130767822266,288.0,1756,167,294912,72,0.2,0.0069966204,0.0804931640625,2.66737177670002,1.209965467453003,-0.004303526098374278,0.9811066389083862,-6.994702601432801,710,0.0003,0.9938103556632996
-90.7828598022461,288.0,1761,169,299008,73,0.2,0.0071192277,0.0620849609375,2.261805760860443,1.0719423294067383,-0.004997615405591205,0.9745566248893738,-6.979480969905853,720,0.0003,0.9954888820648193
-90.73702239990234,288.0,1765,171,303104,74,0.2,0.0059243473,0.05009765625,2.0933883249759675,0.968599796295166,-0.0027326386189088225,0.9729232788085938,-6.953569960594177,730,0.0003,0.9937863945960999
-90.721435546875,288.0,1769,173,307200,75,0.2,0.006497176,0.0428955078125,2.63812375664711,1.6026943922042847,-0.0025178320880513637,0.9720169305801392,-6.949639475345611,740,0.0003,0.9945262670516968
-90.71637725830078,288.0,1772,175,311296,76,0.2,0.005652668,0.0712646484375,2.3186533987522124,1.2086098194122314,-0.0033413889002986254,0.9685919880867004,-6.936760175228119,750,0.0003,0.9949421286582947
-90.73416900634766,288.0,1776,177,315392,77,0.2,0.004614383,0.0382568359375,2.4418289035558702,0.8405125737190247,-0.0029462823236826806,0.9702781438827515,-6.93161119222641,760,0.0003,0.9948961734771729
-90.73149108886719,288.0,1780,179,319488,78,0.2,0.006485061,0.0530517578125,1.41469606757164,0.5667563676834106,-0.0036686808947706596,0.9646314382553101,-6.928979384899139,770,0.0003,0.9969298243522644
-90.74555969238281,288.0,1783,181,323584,79,0.2,0.006120845,0.0589599609375,2.1225431680679323,0.5951797962188721,-0.00311340291518718,0.9595017433166504,-6.893386375904083,780,0.0003,0.9951187968254089
-90.74787902832031,288.0,1783,183,327680,80,0.2,0.007939321,0.07138671875,2.0532587975263596,0.9455859661102295,-0.0034952839429024606,0.9575291872024536,-6.8787302613258365,790,0.0003,0.9960284233093262
-90.74798583984375,288.0,1787,185,331776,81,0.2,0.0055457796,0.0597412109375,1.9201213270425797,0.8666413426399231,-0.0023855590756284074,0.9564987421035767,-6.87299165725708,800,0.0003,0.9958891272544861
-90.7428970336914,288.0,1791,187,335872,82,0.2,0.0046949247,0.0307861328125,1.5344662889838219,0.6876364350318909,-0.0020871247572358696,0.9555155038833618,-6.8654721021652225,810,0.0003,0.9969650506973267
-90.75215911865234,288.0,1793,189,339968,83,0.2,0.009007851,0.08193359375,1.4046586856245995,0.7532427906990051,-0.0053559085936285555,0.9530304074287415,-6.855808699131012,820,0.0003,0.9959380626678467
-90.7523422241211,288.0,1797,191,344064,84,0.2,0.007307005,0.039501953125,1.797410073876381,1.138617753982544,-0.002044773180386983,0.9546327590942383,-6.8540700554847716,830,0.0003,0.9964929223060608
-90.78654479980469,288.0,1798,193,348160,85,0.2,0.0043258322,0.050390625,1.799522729218006,0.42628371715545654,-0.0028610317822312936,0.9506126642227173,-6.850549423694611,840,0.0003,0.9962598085403442
-90.78117370605469,288.0,1801,195,352256,86,0.2,0.006255491,0.050439453125,1.8098904341459274,0.8985738754272461,-0.0043595763097982855,0.9478441476821899,-6.829402768611908,850,0.0003,0.9964163303375244
-90.84333801269531,288.0,1798,198,356352,87,0.2,0.008671195,0.0742919921875,1.0082822926342487,0.3389316499233246,-0.003967573182308115,0.944057285785675,-6.814025270938873,860,0.0003,0.9978986978530884
-90.89250946044922,288.0,1770,203,360448,88,0.2,0.0070103155,0.0542236328125,1.6141719207167626,0.9003324508666992,-0.0036731863976456223,0.9420360326766968,-6.7973105072975155,870,0.0003,0.9965185523033142
-90.93464660644531,288.0,1683,216,364544,89,0.2,0.005706178,0.0495361328125,1.5237760201096535,0.7220461368560791,-0.0026980613823980094,0.9416967630386353,-6.790307641029358,880,0.0003,0.9971757531166077
-90.99051666259766,288.0,1648,223,368640,90,0.2,0.0056889383,0.0336669921875,1.5136335626244546,0.7604762315750122,-0.002119780704379082,0.9422810673713684,-6.788592863082886,890,0.0003,0.9968167543411255
-91.04013061523438,288.0,1624,229,372736,91,0.2,0.007285897,0.064794921875,1.1991962850093842,0.578822672367096,-0.0037568674248177557,0.9378656148910522,-6.7814306855201725,900,0.0003,0.9977544546127319
-91.07403564453125,288.0,1594,236,376832,92,0.2,0.0063423165,0.04921875,1.0956855088472366,0.5114514827728271,-0.0030792471196036788,0.9347085952758789,-6.760184788703919,910,0.0003,0.9967666864395142
-91.09452819824219,288.0,1568,242,380928,93,0.2,0.007209905,0.0472900390625,1.413355866074562,0.749196469783783,-0.0023152219713665546,0.9325950741767883,-6.7468314409255985,920,0.0003,0.9971907138824463
-91.08685302734375,288.0,1547,248,385024,94,0.2,0.007066059,0.0352783203125,1.3873299479484558,0.7094893455505371,-0.0025910693570040167,0.9345818758010864,-6.742943775653839,930,0.0003,0.9972259402275085
-91.06625366210938,288.0,1515,256,389120,95,0.2,0.0052674683,0.03544921875,1.4175172209739686,0.7948835492134094,-0.001753714570077136,0.9335772395133972,-6.749995386600494,940,0.0003,0.9972086548805237
-91.12922668457031,288.0,1496,262,393216,96,0.2,0.0061502205,0.03291015625,0.8078843861818313,0.4135516285896301,-0.0030235346348490566,0.9329525828361511,-6.742959129810333,950,0.0003,0.9983617067337036
-91.13626098632812,288.0,1467,270,397312,97,0.2,0.009071911,0.055224609375,1.2279656931757927,0.5814879536628723,-0.004874910274520516,0.9328407049179077,-6.741793763637543,960,0.0003,0.9973911643028259
-91.1865234375,288.0,1449,276,401408,98,0.2,0.0047296444,0.0385009765625,1.2222833603620529,0.6472223997116089,-0.002296809130348265,0.933857798576355,-6.74425288438797,970,0.0003,0.9977731704711914
-91.2021713256836,288.0,1438,281,405504,99,0.2,0.0070413253,0.0425537109375,1.1861565485596657,0.46784546971321106,-0.0035693787212949246,0.9309403300285339,-6.7404097557067875,980,0.0003,0.9975438117980957
-91.2234878540039,288.0,1429,286,409600,100,0.2,0.0076871035,0.048388671875,0.9724039644002914,0.4220882058143616,-0.004030506717390381,0.9321537017822266,-6.733005917072296,990,0.0003,0.9981253743171692
-91.2790756225586,288.0,1411,293,413696,101,0.2,0.006970114,0.0382080078125,0.9111857146024704,0.4725642204284668,-0.00191772015823517,0.9327374696731567,-6.739767634868622,1000,0.0003,0.997439444065094
-91.35894775390625,288.0,1401,298,417792,102,0.2,0.008924975,0.03935546875,1.1361418157815932,0.6849626302719116,-0.0030619650962762533,0.9301522374153137,-6.736071503162384,1010,0.0003,0.9977766871452332
-91.29986572265625,288.0,1388,303,421888,103,0.2,0.0048395377,0.0454345703125,1.1150681108236313,0.5916354656219482,-0.001182328464346938,0.9264215230941772,-6.717405426502228,1020,0.0003,0.9978026151657104
-91.31658172607422,288.0,1376,309,425984,104,0.2,0.0050951717,0.0282470703125,1.13745459318161,0.512428879737854,-0.002503189188428223,0.9248270988464355,-6.7024096846580505,1030,0.0003,0.9978088736534119
-91.24354553222656,288.0,1367,314,430080,105,0.2,0.006247443,0.09013671875,0.6778141379356384,0.27761444449424744,-0.005528137710643932,0.9211145639419556,-6.687410640716553,1040,0.0003,0.9986252188682556
-91.22552490234375,288.0,1359,319,434176,106,0.2,0.0071448367,0.048681640625,1.0690929472446442,0.48129361867904663,-0.004043073032516986,0.9190976023674011,-6.671705257892609,1050,0.0003,0.9977408647537231
-91.16181945800781,288.0,1355,323,438272,107,0.2,0.0063179787,0.0533447265625,1.0105666771531105,0.48769205808639526,-0.004159761911432724,0.9180916547775269,-6.66522570848465,1060,0.0003,0.998167097568512
-91.07295989990234,288.0,1353,326,442368,108,0.2,0.0053976737,0.0348388671875,1.044093331694603,0.5742595791816711,-0.0021619284379994497,0.9153871536254883,-6.654523587226867,1070,0.0003,0.9978336691856384
-91.03748321533203,288.0,1351,330,446464,109,0.2,0.00794226,0.0423095703125,0.839648762345314,0.47450852394104004,-0.004503062972798943,0.9137119054794312,-6.641025424003601,1080,0.0003,0.9984525442123413
-90.89997863769531,288.0,1344,335,450560,110,0.2,0.008702315,0.05341796875,0.7660164445638656,0.3907777667045593,-0.00498359069461003,0.910741925239563,-6.628634679317474,1090,0.0003,0.9979650378227234
-90.79945373535156,288.0,1337,340,454656,111,0.2,0.004420024,0.024169921875,0.9788562059402466,0.5521243214607239,-0.0018920778209576383,0.9088841676712036,-6.616081428527832,1100,0.0003,0.9981475472450256
-90.69697570800781,288.0,1329,345,458752,112,0.2,0.0061095315,0.0296630859375,0.9320798739790916,0.42131027579307556,-0.0016791400441434235,0.9102252125740051,-6.613402187824249,1110,0.0003,0.9981546998023987
-90.6930160522461,288.0,1321,350,462848,113,0.2,0.005729603,0.05205078125,0.967596884071827,0.4905138909816742,-0.004172395239584148,0.9093653559684753,-6.615723598003387,1120,0.0003,0.9981200098991394
-90.698486328125,288.0,1305,357,466944,114,0.2,0.005076197,0.0577880859375,0.6166595049202442,0.4325302541255951,-0.002976251533254981,0.9084156155586243,-6.611298167705536,1130,0.0003,0.9987502694129944
-90.683837890625,288.0,1300,362,471040,115,0.2,0.0057034716,0.0302734375,0.9118992239236832,0.49101367592811584,-0.001017198307090439,0.9090656042098999,-6.6070740699768065,1140,0.0003,0.9980489611625671
-90.70690155029297,288.0,1297,366,475136,116,0.2,0.0041277325,0.031884765625,0.8411221295595169,0.2980567514896393,-0.0012149095768108965,0.9111652374267578,-6.6161295652389525,1150,0.0003,0.9984760880470276
-90.78215026855469,288.0,1292,370,479232,117,0.2,0.006603581,0.0598876953125,0.8697411701083183,0.32855233550071716,-0.0030238135455874725,0.9094442129135132,-6.618740177154541,1160,0.0003,0.9982013702392578
-90.78767395019531,288.0,1287,375,483328,118,0.2,0.0065951245,0.0302490234375,0.6967104934155941,0.4127383828163147,-0.003788337536389008,0.905045211315155,-6.602291870117187,1170,0.0003,0.9986984133720398
-90.87541961669922,288.0,1281,380,487424,119,0.2,0.0074401405,0.041015625,0.6678947523236275,0.42583736777305603,-0.0025234892033040523,0.8992740511894226,-6.57320020198822,1180,0.0003,0.9981842637062073
-90.91312408447266,288.0,1275,385,491520,120,0.2,0.0035681096,0.0327392578125,0.8048196747899056,0.4275487959384918,-0.0020116775267524645,0.8986858129501343,-6.553711020946503,1190,0.0003,0.9984485507011414
-90.9155502319336,288.0,1269,390,495616,121,0.2,0.0050745923,0.041015625,0.811254332959652,0.33826762437820435,-0.002832565293647349,0.897951602935791,-6.553319716453553,1200,0.0003,0.9983882904052734
-90.95477294921875,288.0,1261,396,499712,122,0.2,0.0066657364,0.0520751953125,0.818073995411396,0.28858068585395813,-0.004700944383512251,0.8975240588188171,-6.548655915260315,1210,0.0003,0.998420774936676
-91.0106430053711,288.0,1253,401,503808,123,0.2,0.005143239,0.051806640625,0.5828743077814579,0.27390703558921814,-0.003256464307196438,0.8919812440872192,-6.534241116046905,1220,0.0003,0.998801052570343
-91.03755187988281,288.0,1257,403,507904,124,0.2,0.0052192793,0.0366455078125,0.7661605030298233,0.4391254484653473,-0.002574976737378165,0.890227198600769,-6.509986448287964,1230,0.0003,0.9983623623847961
-91.07882690429688,288.0,1262,405,512000,125,0.2,0.009597961,0.048779296875,0.7110977739095687,0.33905768394470215,-0.0034547988849226384,0.8897596597671509,-6.505039799213409,1240,0.0003,0.9987079501152039
-91.06742095947266,288.0,1265,407,516096,126,0.2,0.0042818547,0.032666015625,0.7824158906936646,0.473943293094635,-0.001973350820480846,0.8888441324234009,-6.500635206699371,1250,0.0003,0.9983839392662048
-91.10425567626953,288.0,1268,409,520192,127,0.2,0.0057729753,0.04091796875,0.636000033468008,0.29915717244148254,-0.0031268121587345377,0.8894365429878235,-6.500845909118652,1260,0.0003,0.998799741268158
-91.1803970336914,288.0,1273,411,524288,128,0.2,0.0062566316,0.0446044921875,0.5771158777177334,0.18463024497032166,-0.004270678103785031,0.8871234655380249,-6.495432305335998,1270,0.0003,0.9982885122299194
-91.16783905029297,288.0,1276,413,528384,129,0.2,0.007643574,0.0633056640625,0.7162421651184558,0.28549763560295105,-0.0050909861398395154,0.8850833177566528,-6.481735169887543,1280,0.0003,0.9986215233802795
-91.20382690429688,288.0,1277,416,532480,130,0.2,0.00861372,0.1018310546875,0.6446090504527092,0.2719563841819763,-0.005926428880775348,0.8822042346000671,-6.46845246553421,1290,0.0003,0.9987078905105591
-91.20500183105469,288.0,1274,421,536576,131,0.2,0.0072655138,0.0634521484375,0.7153653189539909,0.3668544292449951,-0.004375527467345819,0.881369411945343,-6.456287956237793,1300,0.0003,0.9986250400543213
-91.2392807006836,288.0,1270,425,540672,132,0.2,0.0060870573,0.04814453125,0.4672237552702427,0.2700587213039398,-0.0034075381117872894,0.8782584071159363,-6.446169364452362,1310,0.0003,0.9990436434745789
-91.29721069335938,288.0,1263,431,544768,133,0.2,0.0059463787,0.03818359375,0.6426448307931423,0.33377692103385925,-0.003402194345835596,0.8763523101806641,-6.428749573230744,1320,0.0003,0.9986512064933777
-91.2488021850586,288.0,1260,435,548864,134,0.2,0.0059920717,0.053271484375,0.6300170630216598,0.2750248908996582,-0.0038899774139281363,0.8765913248062134,-6.423514270782471,1330,0.0003,0.9988652467727661
-91.19625091552734,288.0,1256,440,552960,135,0.2,0.007145988,0.05263671875,0.661117497086525,0.42403003573417664,-0.003522115253144875,0.8778511881828308,-6.42783489227295,1340,0.0003,0.9986453056335449
-91.20789337158203,288.0,1252,444,557056,136,0.2,0.0064959563,0.0650634765625,0.571347588300705,0.2657969892024994,-0.004391724852030166,0.8764785528182983,-6.4269699335098265,1350,0.0003,0.9989413022994995
-91.20061492919922,288.0,1247,449,561152,137,0.2,0.0074277306,0.044873046875,0.5518424645066261,0.33230453729629517,-0.0027911383367609233,0.8722073435783386,-6.412361848354339,1360,0.0003,0.9985299706459045
-91.08181762695312,288.0,1243,454,565248,138,0.2,0.0051377513,0.0472900390625,0.5966521620750427,0.2994306683540344,-0.0039218713936861604,0.8686488270759583,-6.385237121582032,1370,0.0003,0.9988791942596436
-91.04507446289062,288.0,1237,459,569344,139,0.2,0.0064214515,0.04921875,0.6240082055330276,0.39285117387771606,-0.0038518926361575724,0.8686734437942505,-6.376868033409119,1380,0.0003,0.9987621903419495
-91.07463836669922,288.0,1233,464,573440,140,0.2,0.0066347495,0.0626953125,0.6574410550296307,0.3418407738208771,-0.002948860466131009,0.8688262701034546,-6.376667940616608,1390,0.0003,0.9987360835075378
-91.05315399169922,288.0,1229,469,577536,141,0.2,0.003771276,0.0447998046875,0.44439872205257414,0.2004930078983307,-0.0029265858232975007,0.8647103309631348,-6.364162349700928,1400,0.0003,0.999094545841217
-91.03997039794922,288.0,1225,474,581632,142,0.2,0.00687355,0.0718994140625,0.6569896019995213,0.3255845010280609,-0.00448339308204595,0.8615835309028625,-6.34129284620285,1410,0.0003,0.9985721707344055
-91.04255676269531,288.0,1221,479,585728,143,0.2,0.005536438,0.05849609375,0.5803889758884907,0.27730974555015564,-0.002400191259221174,0.8612287640571594,-6.329656791687012,1420,0.0003,0.9989457130432129
-91.010986328125,288.0,1217,484,589824,144,0.2,0.0068689403,0.0568359375,0.5955575838685035,0.33361467719078064,-0.0031496512820012867,0.8578831553459167,-6.321665036678314,1430,0.0003,0.998770534992218
-91.02986145019531,288.0,1207,491,593920,145,0.2,0.005364266,0.0528076171875,0.5388214349746704,0.26206696033477783,-0.003149989320081659,0.8539606332778931,-6.298730087280274,1440,0.0003,0.9990283250808716
-91.02597045898438,288.0,1191,502,598016,146,0.2,0.005082937,0.0686279296875,0.508207443356514,0.2247723639011383,-0.0037321837851777675,0.855798065662384,-6.2901916861534115,1450,0.0003,0.9987438917160034
-90.96916961669922,288.0,1192,504,602112,147,0.2,0.0061469395,0.0577392578125,0.5769357562065125,0.23780223727226257,-0.003093715844443068,0.8533123135566711,-6.291555881500244,1460,0.0003,0.9989345669746399
-90.88311767578125,288.0,1196,506,606208,148,0.2,0.004925473,0.0236083984375,0.5668741747736931,0.34113383293151855,-0.002305118029471487,0.8530077934265137,-6.281361508369446,1470,0.0003,0.9988833665847778
-90.87785339355469,288.0,1200,508,610304,149,0.2,0.0052331397,0.0589111328125,0.5748800918459892,0.275560587644577,-0.004683046817081049,0.8508113026618958,-6.275004744529724,1480,0.0003,0.9988846182823181
-90.84786987304688,288.0,1205,509,614400,150,0.2,0.005086292,0.0526611328125,0.4300618775188923,0.18008917570114136,-0.0037603498611133547,0.8519378900527954,-6.270151388645172,1490,0.0003,0.9991300702095032
-90.78679656982422,288.0,1205,513,618496,151,0.2,0.0064010886,0.0520263671875,0.5412528097629548,0.296457439661026,-0.0030326650565257298,0.8512280583381653,-6.272874104976654,1500,0.0003,0.9988575577735901
-90.72908020019531,288.0,1209,514,622592,152,0.2,0.009449942,0.078173828125,0.5725719213485718,0.2107495367527008,-0.005212034401483834,0.8491848707199097,-6.263923978805542,1510,0.0003,0.9989654421806335
-90.67693328857422,288.0,1214,516,626688,153,0.2,0.005367268,0.0380859375,0.5914737112820149,0.2713634967803955,-0.0034440891991835087,0.8471298217773438,-6.25126496553421,1520,0.0003,0.9987816214561462
-90.69266510009766,288.0,1218,517,630784,154,0.2,0.0049811946,0.03837890625,0.5380699537694454,0.2636013925075531,-0.0028970756422495468,0.8445585370063782,-6.237020254135132,1530,0.0003,0.9989992380142212
-90.70246887207031,288.0,1222,519,634880,155,0.2,0.0061880443,0.030810546875,0.4673287205398083,0.2480689436197281,-0.0021336728997994213,0.8424137234687805,-6.222663044929504,1540,0.0003,0.9987447261810303
-90.61316680908203,288.0,1226,520,638976,156,0.2,0.009012314,0.084423828125,0.5099140174686909,0.21887262165546417,-0.004337406723061576,0.8440073132514954,-6.218381178379059,1550,0.0003,0.9990515112876892
-90.54286193847656,288.0,1230,522,643072,157,0.2,0.006957022,0.0519287109375,0.5201623618602753,0.1621185541152954,-0.003183240006910637,0.8445072174072266,-6.22619206905365,1560,0.0003,0.9989718198776245
-90.51113891601562,288.0,1233,524,647168,158,0.2,0.0049020285,0.031640625,0.6115676939487458,0.20426248013973236,-0.002767354520619847,0.8424867391586304,-6.221775960922241,1570,0.0003,0.9988276958465576
-90.4842300415039,288.0,1236,526,651264,159,0.2,0.006181797,0.0399169921875,0.3934448190033436,0.19827571511268616,-0.00333335364703089,0.8440120816230774,-6.218337297439575,1580,0.0003,0.9992017149925232
-90.43009948730469,288.0,1235,530,655360,160,0.2,0.005640669,0.0530029296875,0.4982373133301735,0.16350597143173218,-0.003021107171662152,0.8451026678085327,-6.230074501037597,1590,0.0003,0.9989554286003113
-90.33395385742188,288.0,1233,534,659456,161,0.2,0.00710358,0.0541748046875,0.49001230150461195,0.26773491501808167,-0.004826570756267756,0.8455672264099121,-6.233318948745728,1600,0.0003,0.9991025924682617
-90.30587005615234,288.0,1230,539,663552,162,0.2,0.0064692874,0.0419921875,0.5448340430855751,0.2593342959880829,-0.0031750647991430014,0.8453823328018188,-6.233615744113922,1610,0.0003,0.9988684058189392
-90.31163024902344,288.0,1227,543,667648,163,0.2,0.0077746,0.0690673828125,0.45492487475275994,0.20498955249786377,-0.004712499122251757,0.8439194560050964,-6.229392194747925,1620,0.0003,0.9991737604141235
-90.3085708618164,288.0,1224,548,671744,164,0.2,0.005511082,0.0273681640625,0.40155521035194397,0.17458803951740265,-0.0025341414293507114,0.8438170552253723,-6.224204969406128,1630,0.0003,0.9989525079727173
-90.28919219970703,288.0,1222,552,675840,165,0.2,0.0055803405,0.0599609375,0.4730237774550915,0.21844184398651123,-0.003288295431411825,0.8443275690078735,-6.226467132568359,1640,0.0003,0.9990772008895874
-90.3033676147461,288.0,1218,557,679936,166,0.2,0.007594316,0.0739013671875,0.44813686013221743,0.23708844184875488,-0.0049169690406415615,0.8425849676132202,-6.223962986469269,1650,0.0003,0.9990928769111633
-90.2773208618164,288.0,1213,563,684032,167,0.2,0.0062417113,0.060693359375,0.520535484701395,0.3419783115386963,-0.0038881203858181835,0.8416213989257812,-6.214868056774139,1660,0.0003,0.9989976286888123
-90.2707748413086,288.0,1211,568,688128,168,0.2,0.0076994607,0.06552734375,0.3975192032754421,0.26543933153152466,-0.004206182720372454,0.8452140688896179,-6.2223530292510985,1670,0.0003,0.999164879322052
-90.26978302001953,288.0,1209,572,692224,169,0.2,0.005956583,0.0515625,0.44884128123521805,0.19888849556446075,-0.0032806679082568735,0.8446694612503052,-6.232736504077911,1680,0.0003,0.9990378022193909
-90.21403503417969,288.0,1207,576,696320,170,0.2,0.007564243,0.040625,0.4493157148361206,0.2049664855003357,-0.0030162472743541003,0.8467622995376587,-6.232889616489411,1690,0.0003,0.9991757869720459
-90.20487213134766,288.0,1205,580,700416,171,0.2,0.0063229715,0.0411376953125,0.47006460949778556,0.17794249951839447,-0.0037589850835502148,0.8473588824272156,-6.243677973747253,1700,0.0003,0.9990288615226746
-90.17899322509766,288.0,1203,585,704512,172,0.2,0.0057402914,0.0292724609375,0.46474071964621544,0.19055147469043732,-0.003076889115618542,0.8448419570922852,-6.2352320671081545,1710,0.0003,0.9991583824157715
-90.14144897460938,288.0,1201,589,708608,173,0.2,0.005130916,0.0429931640625,0.4114190384745598,0.23338019847869873,-0.0029586411663331093,0.8447705507278442,-6.2249647855758665,1720,0.0003,0.9989304542541504
-90.1556167602539,288.0,1199,594,712704,174,0.2,0.005363384,0.050927734375,0.43323964551091193,0.18815651535987854,-0.0029060466797091065,0.8439450263977051,-6.2260694146156315,1730,0.0003,0.9991856813430786
-90.09263610839844,288.0,1196,599,716800,175,0.2,0.009235807,0.0816650390625,0.443636367470026,0.21617743372917175,-0.00495400755899027,0.8441295623779297,-6.221030449867248,1740,0.0003,0.9991129636764526
-90.07490539550781,288.0,1193,603,720896,176,0.2,0.0038794382,0.035302734375,0.4887261025607586,0.23178572952747345,-0.0025120468519162385,0.8415809869766235,-6.2164959192276,1750,0.0003,0.9990571737289429
-90.08108520507812,288.0,1191,608,724992,177,0.2,0.0059635215,0.0444580078125,0.3476128067821264,0.12120471894741058,-0.0038408427906688304,0.8339633941650391,-6.1864707469940186,1760,0.0003,0.9992933869361877
-90.08890533447266,288.0,1192,611,729088,178,0.2,0.006137332,0.03759765625,0.43893450796604155,0.2611654996871948,-0.003791073348838836,0.830884575843811,-6.152337706089019,1770,0.0003,0.9990631341934204
-90.08226776123047,288.0,1192,614,733184,179,0.2,0.0058382023,0.081396484375,0.4220751516520977,0.19535501301288605,-0.0048956732003716755,0.827643096446991,-6.133112847805023,1780,0.0003,0.9992339015007019
-90.08549499511719,288.0,1195,616,737280,180,0.2,0.005243699,0.0335205078125,0.4349226079881191,0.1985636204481125,-0.003093377727782354,0.8289238810539246,-6.125167095661164,1790,0.0003,0.999099612236023
-90.04366302490234,288.0,1195,619,741376,181,0.2,0.004379309,0.026904296875,0.4190699204802513,0.19201353192329407,-0.002139840682502836,0.8280028104782104,-6.128431105613709,1800,0.0003,0.9992417693138123
-90.06983184814453,288.0,1192,625,745472,182,0.2,0.004649266,0.0411376953125,0.3815960817039013,0.1601644605398178,-0.0028820252453442665,0.8279503583908081,-6.12379093170166,1810,0.0003,0.9990240931510925
-90.07056427001953,288.0,1189,630,749568,183,0.2,0.0037163587,0.0364990234375,0.4422559477388859,0.25775837898254395,-0.0028383583354298025,0.8272431492805481,-6.121327209472656,1820,0.0003,0.9991587400436401
-90.05970764160156,288.0,1186,635,753664,184,0.2,0.0069021457,0.0647705078125,0.4279717743396759,0.16717898845672607,-0.004378095100400969,0.8263517618179321,-6.116253221035004,1830,0.0003,0.999148428440094
-90.06350708007812,288.0,1182,640,757760,185,0.2,0.0061695706,0.0571044921875,0.44610755443572997,0.24632403254508972,-0.004796333354897797,0.8228272199630737,-6.104180324077606,1840,0.0003,0.9991284608840942
-90.0574722290039,288.0,1178,646,761856,186,0.2,0.007164726,0.0825439453125,0.34203498661518095,0.1446019560098648,-0.005882837637909688,0.8217536807060242,-6.089183712005616,1850,0.0003,0.9993045926094055
-90.03483581542969,288.0,1175,651,765952,187,0.2,0.0068189627,0.0576904296875,0.38741595968604087,0.14907647669315338,-0.0037061325769172982,0.8219998478889465,-6.09026015996933,1860,0.0003,0.9991725087165833
-90.13601684570312,288.0,1174,655,770048,188,0.2,0.008596881,0.11962890625,0.4044985204935074,0.1697169691324234,-0.006686931970762089,0.8222274780273438,-6.0914147138595585,1870,0.0003,0.999264121055603
-90.14334869384766,288.0,1172,660,774144,189,0.2,0.006081229,0.03681640625,0.40828577876091005,0.1854315996170044,-0.003060023533180356,0.8212491869926453,-6.087736463546753,1880,0.0003,0.9991543889045715
-90.14739990234375,288.0,1170,664,778240,190,0.2,0.0061915494,0.05458984375,0.3969840005040169,0.20175495743751526,-0.0036478485708357766,0.8184562921524048,-6.074621427059173,1890,0.0003,0.9992667436599731
-90.17192077636719,288.0,1169,668,782336,191,0.2,0.006346315,0.0537841796875,0.35069792345166206,0.19024711847305298,-0.0036148155049886554,0.814208984375,-6.052951228618622,1900,0.0003,0.9991092085838318
-90.21644592285156,288.0,1168,673,786432,192,0.2,0.0062652347,0.0485595703125,0.3570067144930363,0.1711234599351883,-0.005134553054813295,0.8111613988876343,-6.028429055213929,1910,0.0003,0.9993357062339783
-90.27239990234375,288.0,1166,677,790528,193,0.2,0.006992087,0.060498046875,0.3631564624607563,0.21324530243873596,-0.0037678600434446707,0.8098573684692383,-6.012639939785004,1920,0.0003,0.9992735385894775
-90.2770767211914,288.0,1163,682,794624,194,0.2,0.006275053,0.0543701171875,0.41590390503406527,0.2663098871707916,-0.004409213169128634,0.807462215423584,-6.0013986945152284,1930,0.0003,0.9991952180862427
-90.23469543457031,288.0,1161,687,798720,195,0.2,0.008381592,0.064208984375,0.33201464675366876,0.17135366797447205,-0.0035502605547662824,0.8053947687149048,-5.985707783699036,1940,0.0003,0.999300479888916
-90.1862564086914,288.0,1161,691,802816,196,0.2,0.004553151,0.0338623046875,0.38766325935721396,0.17724880576133728,-0.002477354515576735,0.8041027188301086,-5.975059807300568,1950,0.0003,0.9991728067398071
-90.22221374511719,288.0,1159,696,806912,197,0.2,0.008574872,0.080712890625,0.3485142484307289,0.12750525772571564,-0.004569352173712104,0.8043850064277649,-5.972322618961334,1960,0.0003,0.9993675947189331
-90.21397399902344,288.0,1159,699,811008,198,0.2,0.0076459134,0.0662353515625,0.3962263479828835,0.19022271037101746,-0.004488409851910546,0.8008939623832703,-5.965501892566681,1970,0.0003,0.9991800785064697
-90.2050552368164,288.0,1163,700,815104,199,0.2,0.005740272,0.056982421875,0.37279599606990815,0.20022174715995789,-0.004221387882716953,0.7987117767333984,-5.94446052312851,1980,0.0003,0.9993295073509216
-90.13139343261719,288.0,1167,701,819200,200,0.2,0.0057629696,0.0290771484375,0.3319885563105345,0.16670972108840942,-0.002648519727517851,0.7989391088485718,-5.93879725933075,1990,0.0003,0.999129056930542
-90.13079833984375,288.0,1170,703,823296,201,0.2,0.0056797145,0.0561279296875,0.3200997941195965,0.15707021951675415,-0.0038978617027169093,0.79758220911026,-5.9396590232849125,2000,0.0003,0.9993985891342163
-90.2010269165039,288.0,1174,704,827392,202,0.2,0.005044126,0.04052734375,0.33996155187487603,0.16678890585899353,-0.0029689228511415424,0.7968512773513794,-5.932473027706147,2010,0.0003,0.9993255138397217
-90.1943130493164,288.0,1176,706,831488,203,0.2,0.006903777,0.0632080078125,0.390014111995697,0.1921720802783966,-0.004013539117295295,0.7957810163497925,-5.928558015823365,2020,0.0003,0.9992482662200928
-90.19061279296875,288.0,1179,708,835584,204,0.2,0.007826442,0.088037109375,0.305775661021471,0.1582542210817337,-0.0064376914611784745,0.795967161655426,-5.92308007478714,2030,0.0003,0.9993778467178345
-90.1736831665039,288.0,1183,709,839680,205,0.2,0.008101357,0.0825439453125,0.36964482739567756,0.19912633299827576,-0.004516632185550406,0.7946705222129822,-5.918750977516174,2040,0.0003,0.9992113709449768
-90.13915252685547,288.0,1187,710,843776,206,0.2,0.0056876447,0.0445068359375,0.31816203370690344,0.18408098816871643,-0.004105787299340591,0.7949181199073792,-5.91306049823761,2050,0.0003,0.9994233250617981
-90.18861389160156,288.0,1191,711,847872,207,0.2,0.0049546543,0.0285888671875,0.35215950533747675,0.1465114951133728,-0.002078107258421369,0.7952359914779663,-5.913292419910431,2060,0.0003,0.9992721676826477
-90.2186050415039,288.0,1194,713,851968,208,0.2,0.0068851155,0.0495361328125,0.36114216670393945,0.17304494976997375,-0.0043021133868023755,0.7944149971008301,-5.91059399843216,2070,0.0003,0.9993367195129395
-90.22196960449219,288.0,1198,714,856064,209,0.2,0.0070794807,0.0529052734375,0.31262595057487486,0.13732661306858063,-0.004052969797339756,0.7963055968284607,-5.910239565372467,2080,0.0003,0.9992226362228394
-90.21757507324219,288.0,1201,716,860160,210,0.2,0.009956326,0.060009765625,0.334489731490612,0.17578691244125366,-0.00454660015529953,0.7962663173675537,-5.918248343467712,2090,0.0003,0.9993511438369751
-90.19573974609375,288.0,1204,717,864256,211,0.2,0.0064840848,0.0639892578125,0.31665746569633485,0.21077804267406464,-0.00397042611730285,0.7966170907020569,-5.917344260215759,2100,0.0003,0.9993668794631958
-90.19454956054688,288.0,1207,719,868352,212,0.2,0.006959535,0.0724853515625,0.36393039152026174,0.1746925562620163,-0.00568048532877583,0.7957730889320374,-5.915856242179871,2110,0.0003,0.9992933869361877
-90.18390655517578,288.0,1210,720,872448,213,0.2,0.0071218885,0.0509521484375,0.2895050588995218,0.11532571911811829,-0.00501169654307887,0.7961797714233398,-5.910727381706238,2120,0.0003,0.999402642250061
-90.19322204589844,288.0,1213,722,876544,214,0.2,0.0077237533,0.0595947265625,0.32448188289999963,0.155214324593544,-0.005019755510147661,0.7953499555587769,-5.911431407928466,2130,0.0003,0.9993057250976562
-90.12390899658203,288.0,1217,723,880640,215,0.2,0.0059049223,0.04365234375,0.32439211159944537,0.19218167662620544,-0.0027975258941296487,0.7957491874694824,-5.907079184055329,2140,0.0003,0.9994049072265625
-90.11831665039062,288.0,1219,725,884736,216,0.2,0.008810054,0.084375,0.32871070727705953,0.14138762652873993,-0.005115546309389174,0.7938525080680847,-5.903532755374909,2150,0.0003,0.9993153214454651
-90.13301849365234,288.0,1222,727,888832,217,0.2,0.0059976233,0.0515380859375,0.37276898324489594,0.15168963372707367,-0.004344984819181263,0.789913535118103,-5.882473862171173,2160,0.0003,0.9993137121200562
-90.11690521240234,288.0,1224,729,892928,218,0.2,0.006658905,0.066552734375,0.3177007451653481,0.16183917224407196,-0.005303682846715674,0.7891270518302917,-5.865731930732727,2170,0.0003,0.9991952180862427
-90.16110229492188,288.0,1227,730,897024,219,0.2,0.0060443413,0.04775390625,0.306437062472105,0.13636896014213562,-0.003824907276430167,0.7907342910766602,-5.870075225830078,2180,0.0003,0.9994124174118042
-90.15789031982422,288.0,1226,734,901120,220,0.2,0.0073623653,0.0552734375,0.30672173723578455,0.1644529551267624,-0.004813267599092797,0.7892454862594604,-5.874022650718689,2190,0.0003,0.9993910193443298
-90.1349868774414,288.0,1223,739,905216,221,0.2,0.006340208,0.0524658203125,0.3271836593747139,0.15123428404331207,-0.004473797179525718,0.7867581844329834,-5.858102583885193,2200,0.0003,0.9993690252304077
-90.15293884277344,288.0,1222,744,909312,222,0.2,0.0067817867,0.0861572265625,0.2968216374516487,0.13542965054512024,-0.006335475321975537,0.7852048277854919,-5.84525386095047,2210,0.0003,0.9993932843208313
-90.153076171875,288.0,1221,747,913408,223,0.2,0.0075376322,0.056787109375,0.3197888173162937,0.16986605525016785,-0.003967972059035674,0.7841333150863647,-5.834940087795258,2220,0.0003,0.9993126392364502
-90.17008972167969,288.0,1221,751,917504,224,0.2,0.0053613144,0.0401123046875,0.29495757408440115,0.12864625453948975,-0.00323152377968654,0.7855874300003052,-5.833470106124878,2230,0.0003,0.9994599223136902
-90.2042465209961,288.0,1219,755,921600,225,0.2,0.006359441,0.06123046875,0.3111286602914333,0.17204131186008453,-0.0034807694901246578,0.7833081483840942,-5.8327584028244015,2240,0.0003,0.9993529319763184
-90.1840591430664,288.0,1218,759,925696,226,0.2,0.007933823,0.08056640625,0.341550375521183,0.15586455166339874,-0.007159790268633515,0.7801164388656616,-5.813435876369477,2250,0.0003,0.9993736743927002
-90.2511215209961,288.0,1216,764,929792,227,0.2,0.0071578724,0.05751953125,0.28474360033869744,0.14057525992393494,-0.004532399633899331,0.7785428762435913,-5.798095059394837,2260,0.0003,0.999285101890564
-90.29817199707031,288.0,1214,768,933888,228,0.2,0.008197909,0.071728515625,0.2819815594702959,0.13908550143241882,-0.004250814625993371,0.7780060768127441,-5.790385663509369,2270,0.0003,0.9994691610336304
-90.28480529785156,288.0,1212,773,937984,229,0.2,0.007924799,0.0934326171875,0.28583063967525957,0.13334687054157257,-0.006104050687281415,0.7752040028572083,-5.783207535743713,2280,0.0003,0.999433696269989
-90.27974700927734,288.0,1209,778,942080,230,0.2,0.0071427706,0.06103515625,0.3358153760433197,0.1557939350605011,-0.00396212637424469,0.7746418714523315,-5.768065798282623,2290,0.0003,0.9993491768836975
-90.2771224975586,288.0,1208,782,946176,231,0.2,0.0062934677,0.0503173828125,0.2838171496987343,0.1286972612142563,-0.003548690938623622,0.7730838060379028,-5.762056279182434,2300,0.0003,0.9994218945503235
-90.19760131835938,288.0,1206,787,950272,232,0.2,0.0045091016,0.0413818359375,0.2957532569766045,0.14848999679088593,-0.003540683479513973,0.7720629572868347,-5.75340827703476,2310,0.0003,0.999364972114563
-90.1388931274414,288.0,1203,792,954368,233,0.2,0.006593577,0.055712890625,0.2609953910112381,0.14410074055194855,-0.003121308927075006,0.7683183550834656,-5.738970220088959,2320,0.0003,0.9995288252830505
-90.08624267578125,288.0,1202,797,958464,234,0.2,0.0077288975,0.0455810546875,0.31301299929618837,0.16260574758052826,-0.0038482218980789183,0.7664689421653748,-5.719451832771301,2330,0.0003,0.9993462562561035
-90.06315612792969,288.0,1200,802,962560,235,0.2,0.0053171655,0.04306640625,0.33355918899178505,0.15364840626716614,-0.003821437049191445,0.7652843594551086,-5.7075805306434635,2340,0.0003,0.9993880987167358
-89.96000671386719,288.0,1197,806,966656,236,0.2,0.006296932,0.0433837890625,0.2927663490176201,0.11774730682373047,-0.004899304226273671,0.762653648853302,-5.692435908317566,2350,0.0003,0.9992713332176208
-89.94304656982422,288.0,1194,812,970752,237,0.2,0.0044726944,0.03984375,0.27022241353988646,0.12992331385612488,-0.003865226110792719,0.7625373601913452,-5.680984854698181,2360,0.0003,0.9994943141937256
-89.85208892822266,288.0,1191,817,974848,238,0.2,0.0055002617,0.0459228515625,0.2745840262621641,0.11777356266975403,-0.003429657407104969,0.7617146372795105,-5.677619278430939,2370,0.0003,0.9994516372680664
-89.82124328613281,288.0,1190,822,978944,239,0.2,0.006358506,0.0593017578125,0.3213982850313187,0.12622033059597015,-0.004152106514084153,0.7610853314399719,-5.671484935283661,2380,0.0003,0.9993732571601868
-89.80887603759766,288.0,1188,827,983040,240,0.2,0.005856905,0.0469482421875,0.2804084710776806,0.12881693243980408,-0.004211102827684954,0.7579848170280457,-5.6582825660705565,2390,0.0003,0.9994217753410339
-89.7216796875,288.0,1186,832,987136,241,0.2,0.0066315345,0.029833984375,0.2632452007383108,0.13332733511924744,-0.002783458773046732,0.758039116859436,-5.643730473518372,2400,0.0003,0.9994348883628845
-89.6597671508789,288.0,1184,836,991232,242,0.2,0.005777798,0.05146484375,0.25175635479390623,0.15558993816375732,-0.00481328863534145,0.7593979835510254,-5.648417389392852,2410,0.0003,0.9995416402816772
-89.66947174072266,288.0,1182,841,995328,243,0.2,0.005529262,0.0464599609375,0.2875185143202543,0.1384456902742386,-0.003690707648638636,0.7580150365829468,-5.647131443023682,2420,0.0003,0.9993994832038879
-89.65644836425781,288.0,1180,846,999424,244,0.2,0.005103092,0.030224609375,0.2914840690791607,0.1534593403339386,-0.002763108059298247,0.757306694984436,-5.6379168152809145,2430,0.0003,0.9994598031044006
-89.666748046875,288.0,1179,850,1003520,245,0.2,0.007521443,0.0637451171875,0.2669878486543894,0.14435872435569763,-0.005028761466383003,0.7549198865890503,-5.628945577144623,2440,0.0003,0.9993268251419067
-89.67121887207031,288.0,1177,855,1007616,246,0.2,0.004665087,0.033544921875,0.2638853281736374,0.12118960171937943,-0.0029083276283927264,0.7522165179252625,-5.608010518550873,2450,0.0003,0.9994910359382629
-89.65487670898438,288.0,1175,861,1011712,247,0.2,0.0061942297,0.047021484375,0.26783368177711964,0.15440790355205536,-0.003551638749195263,0.7495543360710144,-5.588712620735168,2460,0.0003,0.9994603395462036
-89.65644836425781,288.0,1172,865,1015808,248,0.2,0.0070860106,0.0696044921875,0.30392738729715346,0.16480399668216705,-0.004931386181851849,0.7493767738342285,-5.576610553264618,2470,0.0003,0.9994077086448669
-89.70907592773438,288.0,1171,870,1019904,249,0.2,0.006933674,0.0835693359375,0.268776311352849,0.11747097969055176,-0.005870176595635712,0.7480934858322144,-5.573798096179962,2480,0.0003,0.999447226524353
-89.73493194580078,288.0,1169,875,1024000,250,0.2,0.0067439927,0.070556640625,0.2891059584915638,0.1319335401058197,-0.00496536391437985,0.746883749961853,-5.564760982990265,2490,0.0003,0.9993793964385986
-89.72570037841797,288.0,1168,880,1028096,251,0.2,0.005908877,0.0553955078125,0.25681376866996286,0.1367434859275818,-0.004661617163219489,0.7456765174865723,-5.556448197364807,2500,0.0003,0.9995294213294983
-89.67113494873047,288.0,1166,885,1032192,252,0.2,0.006629731,0.083056640625,0.2814634770154953,0.14338158071041107,-0.004965434782207012,0.7447082996368408,-5.549544382095337,2510,0.0003,0.9994083046913147
-89.63845825195312,288.0,1164,889,1036288,253,0.2,0.0061560133,0.0707763671875,0.3232503473758698,0.17446383833885193,-0.00559393321746029,0.7413426041603088,-5.538980293273926,2520,0.0003,0.9994051456451416
-89.66793823242188,288.0,1161,895,1040384,254,0.2,0.0069702733,0.05068359375,0.2727164261043072,0.13046789169311523,-0.004082410034607164,0.7382447719573975,-5.516072881221771,2530,0.0003,0.9993143081665039
-89.67265319824219,288.0,1159,900,1044480,255,0.2,0.006990985,0.048193359375,0.24998018853366374,0.09966687113046646,-0.0032423965429188685,0.736091673374176,-5.496666228771209,2540,0.0003,0.9995265603065491
-89.62240600585938,288.0,1158,905,1048576,256,0.2,0.0066297404,0.071630859375,0.2565322022885084,0.1372469961643219,-0.0050034346524626015,0.7343654632568359,-5.483821868896484,2550,0.0003,0.9994829297065735
-89.60546112060547,288.0,1156,909,1052672,257,0.2,0.0072548315,0.0625,0.29233745858073235,0.15403932332992554,-0.005083501743501984,0.7337396740913391,-5.4743837237358095,2560,0.0003,0.9994281530380249
-89.56964874267578,288.0,1155,914,1056768,258,0.2,0.005571804,0.0736572265625,0.273662767931819,0.11693274974822998,-0.006221153505612165,0.730252206325531,-5.461988651752472,2570,0.0003,0.9994346499443054
-89.56333923339844,288.0,1153,919,1060864,259,0.2,0.0076009175,0.0734375,0.25444410257041455,0.1060170903801918,-0.004494780109962448,0.7276121377944946,-5.441621267795563,2580,0.0003,0.9994523525238037
-89.57018280029297,288.0,1152,924,1064960,260,0.2,0.0064777522,0.0445068359375,0.24464029483497143,0.11336727440357208,-0.0037974933191435413,0.724757969379425,-5.424634909629821,2590,0.0003,0.9995502233505249
-89.56400299072266,288.0,1150,929,1069056,261,0.2,0.006327369,0.0768310546875,0.25861678421497347,0.12368214130401611,-0.005413901060819626,0.7240768671035767,-5.412715590000152,2600,0.0003,0.999457836151123
-89.57369995117188,288.0,1148,934,1073152,262,0.2,0.005806435,0.0632080078125,0.29728111401200297,0.12967315316200256,-0.005215378967113793,0.723261833190918,-5.406254315376282,2610,0.0003,0.9994515776634216
-89.5119857788086,288.0,1147,939,1077248,263,0.2,0.005821019,0.0506591796875,0.2757245823740959,0.14187437295913696,-0.00575920311966911,0.7219588756561279,-5.3946368932724,2620,0.0003,0.9993162155151367
-89.5052261352539,288.0,1145,943,1081344,264,0.2,0.0071643987,0.066162109375,0.24065003879368305,0.13456949591636658,-0.004289513480034657,0.7207651138305664,-5.382877385616302,2630,0.0003,0.9995455741882324
-89.54501342773438,288.0,1143,949,1085440,265,0.2,0.0059613734,0.051025390625,0.2504148866981268,0.111124187707901,-0.0037771978823002428,0.7177965044975281,-5.36897441148758,2640,0.0003,0.9994925856590271
-89.53931427001953,288.0,1142,953,1089536,266,0.2,0.005529484,0.051708984375,0.2913218356668949,0.15124475955963135,-0.0036533107137074693,0.7165142893791199,-5.351647984981537,2650,0.0003,0.9994280934333801
-89.50875854492188,288.0,1140,958,1093632,267,0.2,0.007671822,0.0826171875,0.26439065039157866,0.10904083400964737,-0.005987605184782296,0.71588534116745,-5.347184824943542,2660,0.0003,0.9994527101516724
-89.46794891357422,288.0,1139,963,1097728,268,0.2,0.0069114747,0.042041015625,0.2653616789728403,0.1264408379793167,-0.0032135016459506004,0.7145415544509888,-5.340349578857422,2670,0.0003,0.9994262456893921
-89.37663269042969,288.0,1137,968,1101824,269,0.2,0.005986833,0.051611328125,0.23167466148734092,0.09897884726524353,-0.004270772275049239,0.7124176621437073,-5.32705180644989,2680,0.0003,0.9995719790458679
-89.3344497680664,288.0,1135,973,1105920,270,0.2,0.0064709107,0.0561279296875,0.27289239317178726,0.13824345171451569,-0.0037950586527585985,0.7120608687400818,-5.316650760173798,2690,0.0003,0.9994251132011414
-89.29928588867188,288.0,1134,978,1110016,271,0.2,0.0058265156,0.0421630859375,0.27983484193682673,0.14185850322246552,-0.003266625618562102,0.7111325263977051,-5.310809016227722,2700,0.0003,0.9994868636131287
-89.26278686523438,288.0,1132,983,1114112,272,0.2,0.005543101,0.044482421875,0.2491056013852358,0.11503121256828308,-0.0035154866985976697,0.7097595930099487,-5.302415072917938,2710,0.0003,0.9993799924850464
-89.20197296142578,288.0,1130,988,1118208,273,0.2,0.006921324,0.054248046875,0.24850028976798058,0.125019371509552,-0.004505297660944052,0.7094833254814148,-5.295839190483093,2720,0.0003,0.9995304942131042
-89.181884765625,288.0,1129,993,1122304,274,0.2,0.006848829,0.056982421875,0.2494113001972437,0.11129594594240189,-0.0039697632804745805,0.7094167470932007,-5.293796896934509,2730,0.0003,0.999495267868042
-89.16564178466797,288.0,1128,998,1126400,275,0.2,0.0050668423,0.052734375,0.30305811688303946,0.1419847160577774,-0.004488255974138156,0.7084397077560425,-5.288376724720001,2740,0.0003,0.9994020462036133
-89.15174865722656,288.0,1126,1003,1130496,276,0.2,0.0051996685,0.04228515625,0.2847458742558956,0.13165482878684998,-0.003562881230027415,0.706997275352478,-5.277262580394745,2750,0.0003,0.9994099736213684
-89.1600570678711,288.0,1125,1008,1134592,277,0.2,0.0059752003,0.0726318359375,0.2532920088618994,0.11330036073923111,-0.005221875908318907,0.7057206034660339,-5.267393171787262,2760,0.0003,0.9994495511054993
-89.16535186767578,288.0,1123,1013,1138688,278,0.2,0.0056071314,0.0466064453125,0.23585172332823276,0.11098597198724747,-0.005008683929918334,0.703862726688385,-5.257382416725159,2770,0.0003,0.999563455581665
-89.1426773071289,288.0,1122,1018,1142784,279,0.2,0.006654118,0.0648193359375,0.2540936816483736,0.11753936856985092,-0.004564701759954914,0.7024745941162109,-5.244331002235413,2780,0.0003,0.9994617104530334
-89.13447570800781,288.0,1120,1023,1146880,280,0.2,0.0058347085,0.058837890625,0.2936368979513645,0.1404259353876114,-0.004008496616734192,0.7030485272407532,-5.241097760200501,2790,0.0003,0.9994585514068604
-89.1305160522461,288.0,1119,1028,1150976,281,0.2,0.007531777,0.0635498046875,0.2698116458952427,0.12100213766098022,-0.0046274060441646725,0.7016083002090454,-5.238843822479248,2800,0.0003,0.9993010759353638
-89.08199310302734,288.0,1117,1033,1155072,282,0.2,0.007487723,0.0652099609375,0.24478080123662949,0.13480423390865326,-0.005694001266965643,0.7002757787704468,-5.226560139656067,2810,0.0003,0.9995332360267639
-89.1050033569336,288.0,1116,1038,1159168,283,0.2,0.007335961,0.064013671875,0.2342186901718378,0.12053745985031128,-0.004487644124310464,0.6982851624488831,-5.213722229003906,2820,0.0003,0.9995248317718506
-89.10307312011719,288.0,1114,1043,1163264,284,0.2,0.0068660313,0.0513671875,0.2810371045023203,0.11148696392774582,-0.00461052957107313,0.6937851905822754,-5.191422533988953,2830,0.0003,0.9994454383850098
-89.08003234863281,288.0,1112,1049,1167360,285,0.2,0.005841059,0.0540771484375,0.26780626103281974,0.14540040493011475,-0.003699409106047824,0.6917136907577515,-5.164869070053101,2840,0.0003,0.9994421601295471
-89.06787109375,288.0,1111,1053,1171456,286,0.2,0.0062317983,0.0543701171875,0.24500219896435738,0.11725059896707535,-0.004534468799829483,0.6922350525856018,-5.156311988830566,2850,0.0003,0.99946528673172
-89.05294799804688,288.0,1110,1058,1175552,287,0.2,0.006821231,0.057861328125,0.22371628768742086,0.11865843087434769,-0.004906906740507111,0.6908323168754578,-5.154725527763366,2860,0.0003,0.999580979347229
-89.04777526855469,288.0,1109,1063,1179648,288,0.2,0.006077659,0.059130859375,0.25366271920502187,0.11619353294372559,-0.004849115310935304,0.6899054646492004,-5.141391575336456,2870,0.0003,0.999462366104126
-89.0614242553711,288.0,1108,1068,1183744,289,0.2,0.0047773207,0.04638671875,0.3033969409763813,0.15771497786045074,-0.003861320612486452,0.690427303314209,-5.1384717464447025,2880,0.0003,0.9994295835494995
-89.04656219482422,288.0,1107,1072,1187840,290,0.2,0.0048432164,0.041796875,0.2675252858549356,0.11909185349941254,-0.004431248008040711,0.6900109052658081,-5.138365125656128,2890,0.0003,0.9993192553520203
-89.04434204101562,288.0,1108,1075,1191936,291,0.2,0.0068798806,0.05859375,0.22945005260407925,0.09805741161108017,-0.004227671140688472,0.689640462398529,-5.132431983947754,2900,0.0003,0.9995596408843994
-89.05661010742188,288.0,1107,1079,1196032,292,0.2,0.005250677,0.0536865234375,0.22381762489676477,0.10289301723241806,-0.0043245378765277565,0.6890998482704163,-5.126998126506805,2910,0.0003,0.9995409250259399
-89.05795288085938,288.0,1106,1084,1200128,293,0.2,0.0070047746,0.054443359375,0.2809628203511238,0.14633424580097198,-0.0035423202061792836,0.6877285242080688,-5.119212007522583,2920,0.0003,0.9994440674781799
-89.07881927490234,288.0,1104,1089,1204224,294,0.2,0.007297225,0.0577392578125,0.2771535571664572,0.13365177810192108,-0.003903898689895868,0.6845189332962036,-5.101575517654419,2930,0.0003,0.9994217157363892
-89.06169128417969,288.0,1104,1094,1208320,295,0.2,0.0073507223,0.06123046875,0.2527934484183788,0.11008530110120773,-0.004505937185604126,0.684242844581604,-5.084279263019562,2940,0.0003,0.9994471669197083
-89.07019805908203,288.0,1102,1099,1212416,296,0.2,0.0079162475,0.06591796875,0.2124283008277416,0.09651264548301697,-0.005037821637233719,0.6842396855354309,-5.083947467803955,2950,0.0003,0.9996035099029541
-89.05702209472656,288.0,1101,1104,1216512,297,0.2,0.005897205,0.0491943359375,0.26711733900010587,0.1140371710062027,-0.004385564575204626,0.6791042685508728,-5.066468346118927,2960,0.0003,0.9994331002235413
-89.04084014892578,288.0,1101,1108,1220608,298,0.2,0.006201561,0.0725830078125,0.27878031954169274,0.12557557225227356,-0.004488572885747999,0.6778525114059448,-5.036824953556061,2970,0.0003,0.9994770288467407
-89.01643371582031,288.0,1099,1113,1224704,299,0.2,0.007030535,0.0653076171875,0.2573089897632599,0.12473629415035248,-0.00583911458379589,0.6746758818626404,-5.025604069232941,2980,0.0003,0.9993571043014526
-88.98743438720703,288.0,1096,1120,1228800,300,0.2,0.0065252343,0.0673828125,0.22608798332512378,0.10342830419540405,-0.0038414070557337256,0.6734390258789062,-5.007881033420563,2990,0.0003,0.99956876039505
-88.91230773925781,288.0,1095,1125,1232896,301,0.2,0.0055159917,0.0525146484375,0.22911911495029927,0.11409061402082443,-0.005268171557690948,0.6718798279762268,-4.999169385433197,3000,0.0003,0.9995311498641968
-88.91478729248047,288.0,1094,1130,1236992,302,0.2,0.0064425203,0.0457763671875,0.2764561798423529,0.13503405451774597,-0.003654663421912119,0.6690643429756165,-4.981103444099427,3010,0.0003,0.9994509816169739
-88.87183380126953,288.0,1093,1135,1241088,303,0.2,0.00627767,0.0527587890625,0.26797681860625744,0.13843095302581787,-0.0035979739564936607,0.6668142080307007,-4.9609215497970585,3020,0.0003,0.9994426369667053
-88.8641586303711,288.0,1091,1140,1245184,304,0.2,0.006105921,0.0727294921875,0.23929527625441552,0.12691673636436462,-0.005175733420765027,0.6660698652267456,-4.947922575473785,3030,0.0003,0.9994770288467407
-88.83885955810547,288.0,1091,1145,1249280,305,0.2,0.0072990884,0.069873046875,0.20789141654968263,0.10264244675636292,-0.005042730295099318,0.6650340557098389,-4.939658188819886,3040,0.0003,0.9996094107627869
-88.79989624023438,288.0,1090,1149,1253376,306,0.2,0.007247282,0.0398193359375,0.24280343800783158,0.10481765121221542,-0.002216330700321123,0.6640803217887878,-4.929721450805664,3050,0.0003,0.9994850754737854
-88.78424072265625,288.0,1089,1154,1257472,307,0.2,0.007223609,0.0563720703125,0.2788562521338463,0.13040277361869812,-0.003697243146598339,0.663092315196991,-4.923935866355896,3060,0.0003,0.9994783997535706
-88.78357696533203,288.0,1088,1159,1261568,308,0.2,0.0066799694,0.0468017578125,0.2517829708755016,0.11244229972362518,-0.003742537437938154,0.6643247604370117,-4.921017062664032,3070,0.0003,0.9993654489517212
-88.77835083007812,288.0,1086,1164,1265664,309,0.2,0.0062446827,0.0386474609375,0.2229320876300335,0.10613490641117096,-0.0034391764260362835,0.6622201204299927,-4.920451486110688,3080,0.0003,0.9995712637901306
-88.77462005615234,288.0,1086,1169,1269760,310,0.2,0.0045312927,0.0290283203125,0.22154690138995647,0.09528225660324097,-0.002946432642056607,0.6595200300216675,-4.902527487277984,3090,0.0003,0.9995447397232056
-88.76873779296875,288.0,1085,1173,1273856,311,0.2,0.005743702,0.0637939453125,0.28428526148200034,0.12807966768741608,-0.0044301924062892795,0.6577459573745728,-4.8805783867836,3100,0.0003,0.9994335770606995
-88.75772094726562,288.0,1084,1178,1277952,312,0.2,0.009020338,0.07099609375,0.2612160719931126,0.1262788474559784,-0.0055955315299797805,0.6575359106063843,-4.869350111484527,3110,0.0003,0.9994515180587769
-88.76014709472656,288.0,1084,1182,1282048,313,0.2,0.0051565818,0.0444580078125,0.23509861454367637,0.10754825174808502,-0.003282417799346149,0.65813148021698,-4.869247305393219,3120,0.0003,0.9994854927062988
-88.77511596679688,288.0,1083,1187,1286144,314,0.2,0.00612517,0.0490966796875,0.21368087008595466,0.09933602809906006,-0.004729854332981631,0.6564840078353882,-4.8654271245002745,3130,0.0003,0.999599814414978
-88.74925994873047,288.0,1082,1191,1290240,315,0.2,0.0044332948,0.0497314453125,0.2600707482546568,0.12556135654449463,-0.004277272627223283,0.6551357507705688,-4.8506489276885985,3140,0.0003,0.999445378780365
-88.73846435546875,288.0,1081,1196,1294336,316,0.2,0.005467556,0.0478759765625,0.27691492065787315,0.12712490558624268,-0.004842312811524608,0.6528745889663696,-4.835347080230713,3150,0.0003,0.9994816184043884
-88.72339630126953,288.0,1080,1201,1298432,317,0.2,0.006350845,0.080419921875,0.2698878914117813,0.12578807771205902,-0.006527996872318908,0.6490157842636108,-4.809386229515075,3160,0.0003,0.999319851398468
-88.69564819335938,288.0,1079,1206,1302528,318,0.2,0.0062124166,0.050341796875,0.2057892944663763,0.09996958822011948,-0.00356089681154117,0.6469777822494507,-4.783441317081452,3170,0.0003,0.9996047616004944
-88.68940734863281,288.0,1078,1211,1306624,319,0.2,0.0051397765,0.0414306640625,0.20572265461087227,0.09524832665920258,-0.0039430214907042686,0.646659255027771,-4.775956010818481,3180,0.0003,0.9995729327201843
-88.6884994506836,288.0,1077,1216,1310720,320,0.2,0.0054134633,0.0560791015625,0.26271410696208475,0.11948337405920029,-0.0041274132498074325,0.6479138731956482,-4.77967402935028,3190,0.0003,0.9994732737541199
-88.6481704711914,288.0,1076,1221,1314816,321,0.2,0.0055361493,0.046044921875,0.2728551238775253,0.14189623296260834,-0.00494846249348484,0.6463500261306763,-4.780385673046112,3200,0.0003,0.9994247555732727
-88.67352294921875,288.0,1075,1225,1318912,322,0.2,0.007106007,0.06474609375,0.2444235123693943,0.13042055070400238,-0.00445610741735436,0.6449581384658813,-4.766700112819672,3210,0.0003,0.9994605779647827
-88.6399154663086,288.0,1075,1230,1323008,323,0.2,0.004832059,0.045068359375,0.20946639999747277,0.09146402776241302,-0.0044995267002377656,0.6462501883506775,-4.766088342666626,3220,0.0003,0.9996063709259033
-88.62214660644531,288.0,1074,1235,1327104,324,0.2,0.006613462,0.077294921875,0.24299920946359635,0.11705918610095978,-0.004566265572793782,0.6478705406188965,-4.77506662607193,3230,0.0003,0.9994806051254272
-88.6224594116211,288.0,1073,1240,1331200,325,0.2,0.0074738245,0.0643798828125,0.2801468826830387,0.1330028921365738,-0.00496468428755179,0.6459487080574036,-4.7754680752754215,3240,0.0003,0.9994735717773438
-88.61770629882812,288.0,1072,1244,1335296,326,0.2,0.0051963795,0.0596923828125,0.2772330977022648,0.12468935549259186,-0.004458940221229568,0.6427572965621948,-4.755495882034301,3250,0.0003,0.9993066191673279
-88.5993423461914,288.0,1071,1249,1339392,327,0.2,0.004987679,0.055859375,0.2021517399698496,0.10073497891426086,-0.005178813193924725,0.6409779191017151,-4.73409070968628,3260,0.0003,0.9996094107627869
-88.57337188720703,288.0,1070,1254,1343488,328,0.2,0.006006449,0.0410400390625,0.21909965872764586,0.11300020664930344,-0.0029804002260789275,0.6385415196418762,-4.7190690517425535,3270,0.0003,0.9995498657226562
-88.5364761352539,288.0,1069,1259,1347584,329,0.2,0.0071358546,0.06220703125,0.26450598165392875,0.1228039562702179,-0.005275979923317209,0.6360710263252258,-4.698078155517578,3280,0.0003,0.9994690418243408
-88.51422119140625,288.0,1069,1264,1351680,330,0.2,0.0050454927,0.0503173828125,0.2559421271085739,0.12465009838342667,-0.0034099849814083426,0.6344987154006958,-4.679861319065094,3290,0.0003,0.999455988407135
-88.54281616210938,288.0,1067,1269,1355776,331,0.2,0.006947623,0.0491455078125,0.22871862947940827,0.09839753806591034,-0.0036614652257412673,0.6350523233413696,-4.676849496364594,3300,0.0003,0.9994949698448181
-88.52571105957031,288.0,1067,1274,1359872,332,0.2,0.007515384,0.0591796875,0.2172714129090309,0.10973532497882843,-0.005247222655452788,0.6343269348144531,-4.679844784736633,3310,0.0003,0.9995904564857483
-88.51534271240234,288.0,1066,1279,1363968,333,0.2,0.005881629,0.0490478515625,0.23768051639199256,0.12260158360004425,-0.004814281524159014,0.6316958069801331,-4.667850542068481,3320,0.0003,0.9994900226593018
-88.53697967529297,288.0,1065,1284,1368064,334,0.2,0.006881465,0.0658935546875,0.28978426232933996,0.12423715740442276,-0.005868712649680674,0.6301841735839844,-4.6501831889152525,3330,0.0003,0.9994548559188843
-88.57675170898438,288.0,1064,1288,1372160,335,0.2,0.0061290367,0.0596435546875,0.2655652046203613,0.13156089186668396,-0.005461399361956864,0.6291605830192566,-4.638881278038025,3340,0.0003,0.9993314146995544
-88.5932846069336,288.0,1063,1293,1376256,336,0.2,0.006678424,0.0559326171875,0.21861750930547713,0.10491891205310822,-0.0039258744480321186,0.6254083514213562,-4.6210314393043515,3350,0.0003,0.9995760321617126
-88.58795166015625,288.0,1062,1298,1380352,337,0.2,0.0067306184,0.05791015625,0.23005741499364377,0.11372436583042145,-0.0045571116206701845,0.6229838728904724,-4.594046771526337,3360,0.0003,0.9995236992835999
-88.5663833618164,288.0,1061,1303,1384448,338,0.2,0.006385955,0.066455078125,0.27327257841825486,0.12465906143188477,-0.004839801200432703,0.6199116110801697,-4.576303100585937,3370,0.0003,0.9994533658027649
-88.54362487792969,288.0,1060,1309,1388544,339,0.2,0.005324296,0.046435546875,0.2785497080534697,0.11781156808137894,-0.003566542311455123,0.6174461245536804,-4.550863671302795,3380,0.0003,0.9994116425514221
-88.5210952758789,288.0,1059,1313,1392640,340,0.2,0.0061012646,0.066748046875,0.24272059909999372,0.11612196266651154,-0.004452574829338118,0.6155899167060852,-4.531796383857727,3390,0.0003,0.9994668364524841
-88.46955108642578,288.0,1059,1318,1396736,341,0.2,0.0060365857,0.055322265625,0.20940536223351955,0.0999365821480751,-0.005272158363368362,0.6146801710128784,-4.519445407390594,3400,0.0003,0.9996083974838257
-88.45346069335938,288.0,1058,1323,1400832,342,0.2,0.005883518,0.053173828125,0.25964898988604546,0.11959094554185867,-0.004533577576512471,0.6119394898414612,-4.508019459247589,3410,0.0003,0.9994397163391113
-88.43450164794922,288.0,1057,1328,1404928,343,0.2,0.0050741257,0.050927734375,0.26340638659894466,0.11617350578308105,-0.004349267075303942,0.6105247735977173,-4.486733937263489,3420,0.0003,0.999505877494812
-88.43400573730469,288.0,1056,1333,1409024,344,0.2,0.008565408,0.079443359375,0.2622637294232845,0.12110768258571625,-0.006228501081932336,0.608862042427063,-4.476089859008789,3430,0.0003,0.9993375539779663
-88.41466522216797,288.0,1056,1338,1413120,345,0.2,0.0042337645,0.034326171875,0.20667323768138884,0.08630567789077759,-0.00301716115209274,0.6075485944747925,-4.464371848106384,3440,0.0003,0.9996013641357422
-88.43617248535156,288.0,1055,1343,1417216,346,0.2,0.0061208364,0.043701171875,0.20973144881427289,0.09348425269126892,-0.0033451619383413345,0.6060685515403748,-4.453497874736786,3450,0.0003,0.9995648860931396
-88.4345474243164,288.0,1054,1348,1421312,347,0.2,0.0059477095,0.0522216796875,0.2690564103424549,0.12519106268882751,-0.005515670531895012,0.603954017162323,-4.439852035045623,3460,0.0003,0.9994611144065857
-88.4390640258789,288.0,1053,1352,1425408,348,0.2,0.0064708395,0.068505859375,0.26903205215930937,0.1284576654434204,-0.004148502490716055,0.6024355888366699,-4.426445639133453,3470,0.0003,0.9994314908981323
-88.45989227294922,288.0,1052,1357,1429504,349,0.2,0.0065398864,0.0693115234375,0.2644006099551916,0.12081824988126755,-0.005041553935734555,0.5999182462692261,-4.411184000968933,3480,0.0003,0.9994164109230042
-88.46153259277344,288.0,1052,1362,1433600,350,0.2,0.005755039,0.0542236328125,0.2012708093971014,0.08214384317398071,-0.004509122960735112,0.5976351499557495,-4.393242156505584,3490,0.0003,0.9996219873428345
-88.45640563964844,288.0,1051,1367,1437696,351,0.2,0.0057737245,0.0510986328125,0.2495288860052824,0.11721470952033997,-0.005492591747315601,0.5957430601119995,-4.377835595607758,3500,0.0003,0.9994664788246155
-88.44152069091797,288.0,1048,1375,1441792,352,0.2,0.006191757,0.059228515625,0.28461090922355653,0.13557885587215424,-0.004259919494506903,0.5937546491622925,-4.361139822006225,3510,0.0003,0.9994660019874573
-88.45254516601562,288.0,1047,1380,1445888,353,0.2,0.007236154,0.068505859375,0.26520635224878786,0.12873676419258118,-0.005162890453357249,0.591049075126648,-4.341140079498291,3520,0.0003,0.9993324875831604
-88.43527221679688,288.0,1047,1384,1449984,354,0.2,0.004174631,0.047802734375,0.2125641793012619,0.10250246524810791,-0.003740441706031561,0.5876614451408386,-4.314901614189148,3530,0.0003,0.9995911717414856
-88.37755584716797,288.0,1046,1389,1454080,355,0.2,0.00540212,0.0448486328125,0.22327819019556044,0.0919288843870163,-0.003729022241896018,0.5854066014289856,-4.2888683676719666,3540,0.0003,0.9995391368865967
-88.34782409667969,288.0,1046,1394,1458176,356,0.2,0.00690335,0.1009765625,0.28243395388126374,0.1349012404680252,-0.005542311276076362,0.5841554999351501,-4.272810077667236,3550,0.0003,0.999434232711792
-88.35810852050781,288.0,1045,1398,1462272,357,0.2,0.0072070137,0.078173828125,0.26815953589975833,0.13107353448867798,-0.0053249052551109346,0.5834966897964478,-4.265331435203552,3560,0.0003,0.9994320273399353
-88.33687591552734,288.0,1044,1403,1466368,358,0.2,0.006206357,0.0451416015625,0.24285536259412766,0.10143515467643738,-0.003742287046043202,0.5828362107276917,-4.260831880569458,3570,0.0003,0.9994613528251648
-88.2962417602539,288.0,1044,1407,1470464,359,0.2,0.0056180134,0.043896484375,0.21918591521680356,0.08918347209692001,-0.00406730598770082,0.5812614560127258,-4.2525166988372805,3580,0.0003,0.9995871782302856
-88.23246765136719,288.0,1043,1412,1474560,360,0.2,0.006720478,0.062841796875,0.2574578832834959,0.1142457127571106,-0.004911643691593781,0.5783237814903259,-4.230647277832031,3590,0.0003,0.9994468688964844
-88.20938110351562,288.0,1043,1417,1478656,361,0.2,0.0047600707,0.06240234375,0.28976884856820107,0.14360609650611877,-0.004423250956460833,0.5772296190261841,-4.208009338378906,3600,0.0003,0.9994555115699768
-88.17403411865234,288.0,1043,1421,1482752,362,0.2,0.0060689943,0.0462646484375,0.2686003163456917,0.1369190812110901,-0.0038540073961485176,0.5767804980278015,-4.198646998405456,3610,0.0003,0.9993190765380859
-88.14642333984375,288.0,1042,1426,1486848,363,0.2,0.006860033,0.05986328125,0.21363832131028176,0.11330942809581757,-0.005039498303085565,0.5772250294685364,-4.196922063827515,3620,0.0003,0.9995858669281006
-88.12483215332031,288.0,1041,1430,1490944,364,0.2,0.006314365,0.0445068359375,0.21807178854942322,0.10981404781341553,-0.003529250994324684,0.576414942741394,-4.195904076099396,3630,0.0003,0.9995521306991577
-88.11759948730469,288.0,1041,1435,1495040,365,0.2,0.0077350936,0.075537109375,0.28143583685159684,0.1296502649784088,-0.005126989836571738,0.5752083659172058,-4.185821461677551,3640,0.0003,0.9994308352470398
-88.08512878417969,288.0,1040,1440,1499136,366,0.2,0.007753361,0.08232421875,0.2801758736371994,0.1289849728345871,-0.00621986630721949,0.5739208459854126,-4.17315411567688,3650,0.0003,0.9994019865989685
-88.07393646240234,288.0,1040,1445,1503232,367,0.2,0.0066384086,0.0637451171875,0.24158481135964394,0.11556562781333923,-0.005253638868452981,0.5724751949310303,-4.159996032714844,3660,0.0003,0.9994610548019409
-88.1028823852539,288.0,1039,1449,1507328,368,0.2,0.005361459,0.039404296875,0.20047836638987065,0.10558699071407318,-0.003191064449492842,0.5711560249328613,-4.145326089859009,3670,0.0003,0.9996174573898315
-88.1168441772461,288.0,1039,1454,1511424,369,0.2,0.0063049276,0.056494140625,0.24984837509691715,0.11111798882484436,-0.005711426283232868,0.569461464881897,-4.132690119743347,3680,0.0003,0.9994578957557678
-88.14352416992188,288.0,1038,1459,1515520,370,0.2,0.0049625807,0.0369384765625,0.2945152819156647,0.1472155600786209,-0.003367453787359409,0.5659931898117065,-4.111310744285584,3690,0.0003,0.9994441270828247
-88.14617156982422,288.0,1037,1464,1519616,371,0.2,0.010598811,0.0858642578125,0.28186226487159727,0.13325771689414978,-0.005382495553931221,0.5661537051200867,-4.095597958564758,3700,0.0003,0.9992930293083191
-88.1673812866211,288.0,1037,1468,1523712,372,0.2,0.008564407,0.10029296875,0.22533961497247218,0.1009901836514473,-0.00707022153219441,0.5657714605331421,-4.097218835353852,3710,0.0003,0.9995619654655457
-88.15105438232422,288.0,1036,1473,1527808,373,0.2,0.007932347,0.070751953125,0.21619179472327232,0.11841046810150146,-0.004466498806141317,0.563660204410553,-4.083884513378143,3720,0.0003,0.9995490908622742
-88.15467834472656,288.0,1036,1477,1531904,374,0.2,0.006801617,0.0672119140625,0.2722326762974262,0.11626172810792923,-0.004744717926951125,0.5630353093147278,-4.067362809181214,3730,0.0003,0.9994495511054993
-88.14547729492188,288.0,1036,1482,1536000,375,0.2,0.0052018035,0.0388427734375,0.27452676817774774,0.13635703921318054,-0.004047621664358303,0.5628310441970825,-4.062839710712433,3740,0.0003,0.9994190335273743
-88.10515594482422,288.0,1035,1487,1540096,376,0.2,0.0061779968,0.047607421875,0.2529932003468275,0.11333011835813522,-0.0038435758382547648,0.5615459680557251,-4.05620801448822,3750,0.0003,0.999435305595398
-88.04119110107422,288.0,1035,1491,1544192,377,0.2,0.005965726,0.0514892578125,0.20925457328557967,0.10257318615913391,-0.004661206604214385,0.5605121850967407,-4.044749474525451,3760,0.0003,0.9996030926704407
-87.98344421386719,288.0,1034,1496,1548288,378,0.2,0.0061838916,0.045751953125,0.2452451504766941,0.1149001270532608,-0.0038724972459021957,0.5611447095870972,-4.038137149810791,3770,0.0003,0.9994736909866333
-87.971923828125,288.0,1034,1500,1552384,379,0.2,0.0059379363,0.056689453125,0.2877125829458237,0.1374780684709549,-0.00458675132249482,0.5616488456726074,-4.041405308246612,3780,0.0003,0.9994544982910156
-87.98856353759766,288.0,1033,1505,1556480,380,0.2,0.006356247,0.067431640625,0.2602705180644989,0.137254998087883,-0.006091866362839937,0.5597034692764282,-4.036291718482971,3790,0.0003,0.9993414282798767
-87.95671081542969,288.0,1033,1510,1560576,381,0.2,0.005848229,0.0613525390625,0.20901990309357643,0.10238450020551682,-0.005198453570483252,0.5606240630149841,-4.0269408345222475,3800,0.0003,0.9995952248573303
-87.9382095336914,288.0,1032,1515,1564672,382,0.2,0.0050055757,0.0560791015625,0.2171365763992071,0.09222402423620224,-0.005884381575742737,0.5592893958091736,-4.026910603046417,3810,0.0003,0.9995484948158264
-87.91228485107422,288.0,1032,1520,1568768,383,0.2,0.005885094,0.0505615234375,0.2693014621734619,0.13118743896484375,-0.003964013780932874,0.5587280988693237,-4.014640605449676,3820,0.0003,0.9994561076164246
-87.9338607788086,288.0,1031,1525,1572864,384,0.2,0.0067719985,0.0528564453125,0.2700993072241545,0.12716908752918243,-0.003983776882523671,0.5573322772979736,-4.00202859044075,3830,0.0003,0.9994239807128906
-87.91914367675781,288.0,1030,1529,1576960,385,0.2,0.0060848338,0.0343994140625,0.2527732323855162,0.1209280863404274,-0.0033448050962761045,0.5570188164710999,-3.98866086602211,3840,0.0003,0.9994334578514099
-87.90095520019531,288.0,1030,1534,1581056,386,0.2,0.0046684914,0.034423828125,0.20298368372023107,0.09415405988693237,-0.0028533333650557326,0.5551332235336304,-3.9775898575782778,3850,0.0003,0.9996135234832764
-87.86890411376953,288.0,1029,1539,1585152,387,0.2,0.0069989166,0.054833984375,0.26644709557294843,0.12113483250141144,-0.004812070698244497,0.5530301332473755,-3.9596397459506987,3860,0.0003,0.999422013759613
-87.85786437988281,288.0,1029,1543,1589248,388,0.2,0.0075620785,0.0883544921875,0.2705052729696035,0.12192055583000183,-0.0068700627190992234,0.5516648888587952,-3.9423799097537993,3870,0.0003,0.9994832277297974
-87.83528137207031,288.0,1029,1548,1593344,389,0.2,0.0040520965,0.022509765625,0.2761931125074625,0.14502835273742676,-0.002743436221498996,0.5509504079818726,-3.9309790790081025,3880,0.0003,0.999299943447113
-87.83348846435547,288.0,1028,1552,1597440,390,0.2,0.005946972,0.0694091796875,0.20751174725592136,0.09913838654756546,-0.004605595621978864,0.5493643283843994,-3.9202835261821747,3890,0.0003,0.9995917677879333
-87.81832122802734,288.0,1028,1557,1601536,391,0.2,0.005683031,0.0364501953125,0.22593030259013175,0.11032426357269287,-0.0034169946040492503,0.5495535731315613,-3.9133094549179077,3900,0.0003,0.9995278120040894
-87.80339050292969,288.0,1027,1562,1605632,392,0.2,0.006243059,0.036767578125,0.2655495934188366,0.11958976089954376,-0.003557180997449905,0.54845130443573,-3.9111374497413633,3910,0.0003,0.9994617104530334
-87.80158233642578,288.0,1027,1567,1609728,393,0.2,0.0054118754,0.0551025390625,0.27514950186014175,0.12114746868610382,-0.003709955728845671,0.5500810742378235,-3.9085313260555266,3920,0.0003,0.9994086623191833
-87.79080963134766,288.0,1026,1571,1613824,394,0.2,0.007010296,0.0685302734375,0.2542166817933321,0.1179814264178276,-0.005420785647584125,0.5501173138618469,-3.912636601924896,3930,0.0003,0.9994266629219055
-87.8187026977539,288.0,1026,1576,1617920,395,0.2,0.00667216,0.0550048828125,0.19951700381934642,0.09385967254638672,-0.004124217253411189,0.5503588914871216,-3.907786750793457,3940,0.0003,0.9996187686920166
-87.823974609375,288.0,1025,1581,1622016,396,0.2,0.0063791,0.058837890625,0.24385439269244671,0.11583596467971802,-0.004389216442359611,0.550586998462677,-3.911825293302536,3950,0.0003,0.9994699954986572
-87.82096862792969,288.0,1025,1585,1626112,397,0.2,0.006316986,0.0468017578125,0.28994711488485336,0.12397027015686035,-0.004449169305735268,0.5486133694648743,-3.9021910190582276,3960,0.0003,0.9994493722915649
-87.80709838867188,288.0,1024,1590,1630208,398,0.2,0.007220872,0.067138671875,0.28280700743198395,0.12810413539409637,-0.005221940411138349,0.5462349653244019,-3.878746622800827,3970,0.0003,0.9992832541465759
-87.79911041259766,288.0,1024,1595,1634304,399,0.2,0.006708484,0.0702392578125,0.21711555160582066,0.1007305309176445,-0.005297757306834683,0.5451640486717224,-3.8578983664512636,3980,0.0003,0.9995769262313843
-87.77288055419922,288.0,1023,1600,1638400,400,0.2,0.007892986,0.072802734375,0.22242541499435903,0.11539952456951141,-0.0058773697295691815,0.545269787311554,-3.846498602628708,3990,0.0003,0.9995343089103699
-87.75784301757812,288.0,1023,1605,1642496,401,0.2,0.0067705302,0.0685791015625,0.2891529157757759,0.1336105614900589,-0.00567410780931823,0.5451108813285828,-3.8456357598304747,4000,0.0003,0.9994125962257385
-87.72798156738281,288.0,1022,1609,1646592,402,0.2,0.0051307203,0.0438720703125,0.28354496508836746,0.14299771189689636,-0.0035131445445585998,0.5434610247612,-3.8416427314281463,4010,0.0003,0.9993917942047119
-87.69896697998047,288.0,1022,1614,1650688,403,0.2,0.0055477116,0.0457763671875,0.2621048863977194,0.12559381127357483,-0.0031371934281196447,0.5425419211387634,-3.8322801649570466,4020,0.0003,0.9994120001792908
-87.62901306152344,288.0,1022,1619,1654784,404,0.2,0.005399139,0.05009765625,0.20360867083072662,0.09943897277116776,-0.004498758807312697,0.5411311388015747,-3.823052483797073,4030,0.0003,0.9996099472045898
-87.6097183227539,288.0,1021,1623,1658880,405,0.2,0.004927111,0.0336181640625,0.24884697571396827,0.1204589307308197,-0.0030413820990361274,0.5407230854034424,-3.8121535956859587,4040,0.0003,0.9994606375694275
-87.62176513671875,288.0,1021,1628,1662976,406,0.2,0.0050518913,0.0442138671875,0.28138912469148636,0.1250464916229248,-0.0031158712110482155,0.5405006408691406,-3.8096189379692076,4050,0.0003,0.9994631409645081
-87.6119155883789,288.0,1020,1632,1667072,407,0.2,0.0056665633,0.0416259765625,0.27649212777614596,0.1303274929523468,-0.004330326669150964,0.5389467477798462,-3.80007227063179,4060,0.0003,0.999298632144928
-87.61235046386719,288.0,1020,1637,1671168,408,0.2,0.0063639916,0.08125,0.21166551746428014,0.09084990620613098,-0.006219585903454572,0.5370751619338989,-3.779117912054062,4070,0.0003,0.9995876550674438
-87.6182632446289,288.0,1020,1642,1675264,409,0.2,0.0072628325,0.0672607421875,0.22404880672693253,0.11533161252737045,-0.005101493943948298,0.5339101552963257,-3.7562548577785493,4080,0.0003,0.9995306730270386
-87.62995910644531,288.0,1019,1646,1679360,410,0.2,0.0057300795,0.0583740234375,0.28395985513925553,0.13588392734527588,-0.0037822126992978155,0.5329780578613281,-3.735712671279907,4090,0.0003,0.9994242191314697
-87.6637191772461,288.0,1019,1651,1683456,411,0.2,0.0056459215,0.0542724609375,0.2780337706208229,0.12887729704380035,-0.004850711399922147,0.5322510600090027,-3.729135364294052,4100,0.0003,0.9994047284126282
-87.69841766357422,288.0,1018,1656,1687552,412,0.2,0.006645314,0.058837890625,0.2669055115431547,0.11841899156570435,-0.004849902127170935,0.5312334299087524,-3.7180580854415894,4110,0.0003,0.9994028806686401
-87.68655395507812,288.0,1018,1661,1691648,413,0.2,0.006539268,0.0634521484375,0.2024051181972027,0.09167502075433731,-0.004919734009308741,0.5309420228004456,-3.7122907876968383,4120,0.0003,0.9996151328086853
-87.66744995117188,288.0,1018,1665,1695744,414,0.2,0.0073918775,0.080126953125,0.25023607164621353,0.11749033629894257,-0.007327292131958529,0.5287439823150635,-3.7039777398109437,4130,0.0003,0.9994545578956604
-87.67201232910156,288.0,1017,1670,1699840,415,0.2,0.006237831,0.060595703125,0.2967694878578186,0.15683850646018982,-0.003726107155671343,0.525154709815979,-3.6779858350753782,4140,0.0003,0.9994345307350159
-87.64881134033203,288.0,1017,1674,1703936,416,0.2,0.0051899655,0.0584716796875,0.2828289747238159,0.12856534123420715,-0.004297316074371338,0.5239335298538208,-3.6485838890075684,4150,0.0003,0.9992821216583252
-87.62945556640625,288.0,1017,1679,1708032,417,0.2,0.0060464484,0.073876953125,0.23031912557780743,0.10674058645963669,-0.004904949181945994,0.523654580116272,-3.639558255672455,4160,0.0003,0.9995480179786682
-87.6231460571289,288.0,1016,1683,1712128,418,0.2,0.007883996,0.0739013671875,0.22095490284264088,0.1029604822397232,-0.0050883407704532145,0.5239981412887573,-3.6331179618835447,4170,0.0003,0.9995350241661072
-87.59622955322266,288.0,1016,1688,1716224,419,0.2,0.005604052,0.0421630859375,0.26756353341042993,0.12390454113483429,-0.004232774389674887,0.524001955986023,-3.632675659656525,4180,0.0003,0.9994544386863708
-87.54670715332031,288.0,1015,1693,1720320,420,0.2,0.0041365675,0.0237548828125,0.2767415288835764,0.13194586336612701,-0.003136670286767185,0.5229463577270508,-3.6232638597488402,4190,0.0003,0.9994078278541565
-87.54644775390625,288.0,1015,1697,1724416,421,0.2,0.006902648,0.0883056640625,0.2643313486129045,0.12618689239025116,-0.007512186304666102,0.5200387239456177,-3.602968955039978,4200,0.0003,0.9994047284126282
-87.5265121459961,288.0,1015,1702,1728512,422,0.2,0.0074586743,0.078173828125,0.2071082130074501,0.10196320712566376,-0.004666462694876828,0.5191686153411865,-3.583195132017136,4210,0.0003,0.9996016621589661
-87.5136947631836,288.0,1014,1708,1732608,423,0.2,0.0066318223,0.0802001953125,0.24711577035486698,0.1127566248178482,-0.005453372388728894,0.5180636644363403,-3.575306308269501,4220,0.0003,0.9994648694992065
-87.48413848876953,288.0,1013,1712,1736704,424,0.2,0.004664777,0.0496826171875,0.29676916971802714,0.13958215713500977,-0.00456994972191751,0.5154674649238586,-3.5571819067001345,4230,0.0003,0.9994361400604248
-87.4645004272461,288.0,1013,1717,1740800,425,0.2,0.0051052496,0.0440673828125,0.2804992463439703,0.12945689260959625,-0.004430682910606265,0.5142797827720642,-3.5335632622241975,4240,0.0003,0.9992889761924744
-87.46309661865234,288.0,1013,1722,1744896,426,0.2,0.0063353935,0.066455078125,0.2252502728253603,0.10905256122350693,-0.00537201898987405,0.513936460018158,-3.5234564900398255,4250,0.0003,0.9995582103729248
-87.50749206542969,288.0,1012,1726,1748992,427,0.2,0.008653433,0.0584228515625,0.2213787715882063,0.10581500828266144,-0.003953258198453114,0.5133164525032043,-3.5162922143936157,4260,0.0003,0.999535858631134
-87.49762725830078,288.0,1012,1731,1753088,428,0.2,0.005787989,0.043408203125,0.2901175178587437,0.14445212483406067,-0.00340970263350755,0.5117738842964172,-3.501229554414749,4270,0.0003,0.9994086027145386
-87.48943328857422,288.0,1012,1736,1757184,429,0.2,0.007329994,0.05634765625,0.2739710949361324,0.13202440738677979,-0.003900211601285264,0.5117143988609314,-3.490080976486206,4280,0.0003,0.9994093775749207
-87.47848510742188,288.0,1011,1740,1761280,430,0.2,0.0058737,0.062646484375,0.2784043624997139,0.13200990855693817,-0.00486844630795531,0.5104057788848877,-3.487448716163635,4290,0.0003,0.9993749260902405
-87.50408935546875,288.0,1011,1746,1765376,431,0.2,0.006669528,0.0723388671875,0.20769633688032627,0.10208301991224289,-0.0054205378401093185,0.5114172697067261,-3.4851951122283937,4300,0.0003,0.9996014833450317
-87.50025177001953,288.0,1010,1751,1769472,432,0.2,0.0062399865,0.0619384765625,0.25745995752513406,0.1234302967786789,-0.007415229349862784,0.5102308988571167,-3.4854254186153413,4310,0.0003,0.9994396567344666
-87.48783111572266,288.0,1009,1756,1773568,433,0.2,0.0066288104,0.0546630859375,0.286101246625185,0.1400100588798523,-0.005052885090117342,0.5089257955551147,-3.4697612524032593,4320,0.0003,0.999455988407135
-87.45399475097656,288.0,1009,1761,1777664,434,0.2,0.00515877,0.0442138671875,0.2935960814356804,0.13963043689727783,-0.0035555304086301474,0.506971001625061,-3.454850697517395,4330,0.0003,0.9992527365684509
-87.47515869140625,288.0,1008,1766,1781760,435,0.2,0.0069282535,0.0748291015625,0.217234306037426,0.0929219126701355,-0.006431221883394756,0.5066558718681335,-3.4389713227748873,4340,0.0003,0.9995728135108948
-87.49191284179688,288.0,1008,1771,1785856,436,0.2,0.00646916,0.0546875,0.23344412222504615,0.11160848289728165,-0.003740011970512569,0.505188524723053,-3.432737463712692,4350,0.0003,0.9995055198669434
-87.4833755493164,288.0,1007,1776,1789952,437,0.2,0.005874262,0.0426513671875,0.2977404102683067,0.14386093616485596,-0.0027075510239228605,0.5044102668762207,-3.4194047808647157,4360,0.0003,0.9993928074836731
-87.46920776367188,288.0,1007,1780,1794048,438,0.2,0.00490673,0.04150390625,0.2911917708814144,0.1425863355398178,-0.004190734942676499,0.5040667057037354,-3.415212720632553,4370,0.0003,0.9993739128112793
-87.47946166992188,288.0,1007,1785,1798144,439,0.2,0.005495579,0.061376953125,0.28387402184307575,0.1358514279127121,-0.004116045957198366,0.5036858916282654,-3.4139514803886413,4380,0.0003,0.9993568658828735
-87.50325012207031,288.0,1006,1790,1802240,440,0.2,0.0073423465,0.0799560546875,0.2273097697645426,0.10162298381328583,-0.0067446183762513105,0.5033102631568909,-3.408612495660782,4390,0.0003,0.999566912651062
-87.48628234863281,288.0,1006,1795,1806336,441,0.2,0.006459902,0.05908203125,0.2654190506786108,0.13480736315250397,-0.004609106940915808,0.5018202662467957,-3.39927316904068,4400,0.0003,0.999424397945404
-87.48067474365234,288.0,1005,1800,1810432,442,0.2,0.007880734,0.0756103515625,0.2876416489481926,0.12509562075138092,-0.004860140150412917,0.5007755756378174,-3.3852954149246215,4410,0.0003,0.9994516372680664
-87.49344635009766,288.0,1005,1804,1814528,443,0.2,0.005290208,0.0489990234375,0.29251211509108543,0.13977289199829102,-0.0034503741189837456,0.5005047917366028,-3.382843464612961,4420,0.0003,0.9992564916610718
-87.4569320678711,288.0,1005,1809,1818624,444,0.2,0.0062518297,0.072265625,0.23412826433777809,0.09720048308372498,-0.005576176743488759,0.5000645518302917,-3.38213210105896,4430,0.0003,0.9995431303977966
-87.5011978149414,288.0,1004,1814,1822720,445,0.2,0.0059565706,0.0673583984375,0.23157826028764247,0.10896441340446472,-0.005564669426530599,0.5001651644706726,-3.377412623167038,4440,0.0003,0.9995154738426208
-87.5298080444336,288.0,1004,1819,1826816,446,0.2,0.0074441633,0.068212890625,0.30847918540239333,0.14053183794021606,-0.003974311292404309,0.4993838667869568,-3.373658519983292,4450,0.0003,0.9993772506713867
-87.48603820800781,288.0,1003,1823,1830912,447,0.2,0.0066267746,0.06640625,0.31209021210670473,0.15283244848251343,-0.005624282959615812,0.4992739260196686,-3.3659217417240144,4460,0.0003,0.9993398189544678
-87.50543975830078,288.0,1003,1828,1835008,448,0.2,0.0052033532,0.0467041015625,0.29174670577049255,0.14731109142303467,-0.003143839107360691,0.49852997064590454,-3.3610051035881043,4470,0.0003,0.9993451833724976
-87.4716567993164,288.0,1002,1833,1839104,449,0.2,0.0069302097,0.0669189453125,0.22117597796022892,0.10291347652673721,-0.005164548580069095,0.4967805743217468,-3.3494511425495146,4480,0.0003,0.9995773434638977
-87.43592071533203,288.0,1002,1838,1843200,450,0.2,0.005052668,0.0638916015625,0.2613410733640194,0.12679432332515717,-0.0052098863234277815,0.4943731427192688,-3.3255530536174773,4490,0.0003,0.9994369149208069
-87.46659088134766,288.0,1002,1843,1847296,451,0.2,0.007950106,0.0625244140625,0.295892496407032,0.14428965747356415,-0.005123149938299321,0.49196258187294006,-3.3015539228916166,4500,0.0003,0.9994373917579651
-87.4198989868164,288.0,1001,1847,1851392,452,0.2,0.0073814634,0.06240234375,0.29264989495277405,0.1430947631597519,-0.004478682763874531,0.4910992681980133,-3.282205563783646,4510,0.0003,0.9992583990097046
-87.3947525024414,288.0,1001,1852,1855488,453,0.2,0.0059917863,0.067041015625,0.24181721732020378,0.1172357052564621,-0.0038921345956623556,0.4901537001132965,-3.273017609119415,4520,0.0003,0.9995272755622864
-87.3786849975586,288.0,1001,1857,1859584,454,0.2,0.004947586,0.037060546875,0.23979203701019286,0.11950438469648361,-0.0028409867838490753,0.4898436665534973,-3.2677904784679415,4530,0.0003,0.9994924664497375
-87.36470031738281,288.0,1000,1861,1863680,455,0.2,0.004720838,0.041162109375,0.29439941719174384,0.12611475586891174,-0.004545063246041536,0.48873376846313477,-3.2632729768753053,4540,0.0003,0.9994062185287476
-87.31684875488281,288.0,1000,1866,1867776,456,0.2,0.004217941,0.031005859375,0.29966954961419107,0.15562482178211212,-0.0032043171057011934,0.48723918199539185,-3.2506606340408326,4550,0.0003,0.9993623495101929
-87.28324127197266,288.0,1000,1871,1871872,457,0.2,0.0064710598,0.05146484375,0.28142579421401026,0.12868142127990723,-0.004247638914966956,0.48740682005882263,-3.238063371181488,4560,0.0003,0.9993662238121033
-87.2322006225586,288.0,999,1876,1875968,458,0.2,0.0055483794,0.0490234375,0.21645450107753278,0.10604925453662872,-0.004113507486181334,0.48826414346694946,-3.2424936413764955,4570,0.0003,0.9995824694633484
-87.21148681640625,288.0,999,1880,1880064,459,0.2,0.008577438,0.0805908203125,0.26617057882249356,0.12736184895038605,-0.0051216259016655385,0.4867110252380371,-3.234966993331909,4580,0.0003,0.9994173049926758
-87.18232727050781,288.0,999,1885,1884160,460,0.2,0.005718477,0.0758056640625,0.2909258797764778,0.1329033225774765,-0.005347279726993293,0.48601117730140686,-3.2188156843185425,4590,0.0003,0.9994400143623352
-87.15959167480469,288.0,999,1890,1888256,461,0.2,0.006960677,0.0613037109375,0.30481717735528946,0.15486732125282288,-0.005030072049703449,0.4845971465110779,-3.2046179831027986,4600,0.0003,0.9992238283157349
-87.13330841064453,288.0,998,1894,1892352,462,0.2,0.006217677,0.0635009765625,0.25580898150801656,0.12478533387184143,-0.004908233234891668,0.4839830994606018,-3.1901086032390595,4610,0.0003,0.9994975328445435
-87.11257934570312,288.0,998,1899,1896448,463,0.2,0.007316523,0.06396484375,0.23816017545759677,0.10897380113601685,-0.004794958588900044,0.4833432137966156,-3.1824352204799653,4620,0.0003,0.9994984865188599
-87.1195297241211,288.0,998,1903,1900544,464,0.2,0.0059966194,0.0391357421875,0.2977618224918842,0.1404079794883728,-0.0032243480207398536,0.482613742351532,-3.1715725719928742,4630,0.0003,0.9993914365768433
-87.1089096069336,288.0,997,1908,1904640,465,0.2,0.0065391194,0.0530517578125,0.3019755698740482,0.13986198604106903,-0.0042856980580836535,0.48132747411727905,-3.1610733389854433,4640,0.0003,0.9993491768836975
-87.1022720336914,288.0,997,1913,1908736,466,0.2,0.008821847,0.0814697265625,0.2901281379163265,0.14931729435920715,-0.0047089059778954835,0.4808235764503479,-3.1483823895454406,4650,0.0003,0.9993487000465393
-87.10517883300781,288.0,997,1918,1912832,467,0.2,0.0067465464,0.0556640625,0.2347065530717373,0.11671198904514313,-0.004660648200660944,0.47986477613449097,-3.1405643701553343,4660,0.0003,0.9995462894439697
-87.09829711914062,288.0,996,1922,1916928,468,0.2,0.0038225336,0.04677734375,0.26838781908154485,0.12597911059856415,-0.0034711557003902272,0.4797895848751068,-3.1318252980709076,4670,0.0003,0.9994105100631714
-87.09379577636719,288.0,996,1927,1921024,469,0.2,0.0066795605,0.073046875,0.304505730420351,0.15473748743534088,-0.004451931588118896,0.4800991117954254,-3.1300835430622103,4680,0.0003,0.9994131922721863
-87.11874389648438,288.0,996,1932,1925120,470,0.2,0.0059024636,0.0438232421875,0.3137759372591972,0.1528245210647583,-0.0032737915753386915,0.4796060621738434,-3.1271015882492064,4690,0.0003,0.9991984367370605
-87.13368225097656,288.0,996,1936,1929216,471,0.2,0.0058800494,0.0474365234375,0.25238819159567355,0.1233946904540062,-0.003888347977772355,0.47894126176834106,-3.121673595905304,4700,0.0003,0.9994978308677673
-87.13695526123047,288.0,995,1941,1933312,472,0.2,0.007448738,0.0848388671875,0.2437867071479559,0.11749531328678131,-0.006616738194134086,0.4782714247703552,-3.1162411093711855,4710,0.0003,0.9994814395904541
-87.14550018310547,288.0,995,1946,1937408,473,0.2,0.006127367,0.0503173828125,0.30122041031718255,0.14075924456119537,-0.0034422894066665323,0.4768780767917633,-3.104699504375458,4720,0.0003,0.9993825554847717
-87.09748840332031,288.0,994,1951,1941504,474,0.2,0.007354915,0.0844482421875,0.3073228009045124,0.14777903258800507,-0.004131587388110347,0.4758945405483246,-3.0913873851299285,4730,0.0003,0.9993362426757812
-87.07044219970703,288.0,994,1956,1945600,475,0.2,0.0050463453,0.0364013671875,0.29224233627319335,0.1489299237728119,-0.002768588496837765,0.4758222997188568,-3.0872687816619875,4740,0.0003,0.9993366003036499
-87.04772186279297,288.0,994,1960,1949696,476,0.2,0.009154574,0.087890625,0.2233211763203144,0.09892219305038452,-0.0049682373704854395,0.47416219115257263,-3.0807310581207275,4750,0.0003,0.9995713233947754
-87.00135803222656,288.0,993,1965,1953792,477,0.2,0.0044017457,0.037109375,0.26754720620810984,0.13096758723258972,-0.0032996394613292067,0.4731888771057129,-3.0660160541534425,4760,0.0003,0.9994127750396729
-86.98462677001953,288.0,992,1972,1957888,478,0.2,0.005520932,0.0422607421875,0.3017447583377361,0.1538584977388382,-0.003479763455106877,0.4720882475376129,-3.0530069053173063,4770,0.0003,0.9994197487831116
-86.95308685302734,288.0,991,1978,1961984,479,0.2,0.0053515537,0.04501953125,0.30616334155201913,0.1440553218126297,-0.003967062098672614,0.4713519215583801,-3.0430558741092684,4780,0.0003,0.999220609664917
-86.9082260131836,288.0,991,1982,1966080,480,0.2,0.007019256,0.0877197265625,0.25075405575335025,0.12004273384809494,-0.005179335450520739,0.4708065390586853,-3.0373876810073854,4790,0.0003,0.9995049238204956
-86.91364288330078,288.0,991,1987,1970176,481,0.2,0.007616737,0.061474609375,0.239450279250741,0.11692601442337036,-0.00337387393519748,0.4706741273403168,-3.030341327190399,4800,0.0003,0.9994907379150391
-86.89749908447266,288.0,990,1992,1974272,482,0.2,0.0063217035,0.061669921875,0.3127445481717587,0.1408492475748062,-0.004825111862737685,0.46989187598228455,-3.026088762283325,4810,0.0003,0.9993555545806885
-86.88440704345703,288.0,990,1997,1978368,483,0.2,0.0065594288,0.062548828125,0.30002647414803507,0.13504129648208618,-0.005022208741866052,0.4701250195503235,-3.0153593003749846,4820,0.0003,0.9993500113487244
-86.84927368164062,288.0,989,2002,1982464,484,0.2,0.0061505637,0.0693359375,0.3004918731749058,0.1377459168434143,-0.006212164810858667,0.46968260407447815,-3.0082674086093903,4830,0.0003,0.9993213415145874
-86.85375213623047,288.0,989,2007,1986560,485,0.2,0.0049224887,0.053662109375,0.23399473316967487,0.1194755956530571,-0.0037010798580013214,0.4690028727054596,-2.999874621629715,4840,0.0003,0.9995490312576294
-86.85641479492188,288.0,989,2012,1990656,486,0.2,0.0061043133,0.0586181640625,0.2694586362689734,0.12966714799404144,-0.004578902304638177,0.4678071439266205,-2.988450527191162,4850,0.0003,0.999409019947052
-86.84838104248047,288.0,989,2016,1994752,487,0.2,0.005190418,0.0483642578125,0.30626804679632186,0.1552809625864029,-0.004431885329540819,0.467898428440094,-2.978861320018768,4860,0.0003,0.9994127750396729
-86.87907409667969,288.0,988,2021,1998848,488,0.2,0.007937167,0.08388671875,0.3057381875813007,0.1504720151424408,-0.005166990004363469,0.46622806787490845,-2.9681187212467193,4870,0.0003,0.999220073223114
-86.84420776367188,288.0,988,2026,2002944,489,0.2,0.008616213,0.0879638671875,0.26768492311239245,0.14072822034358978,-0.0053957697586156424,0.4646432399749756,-2.945224702358246,4880,0.0003,0.9994710683822632
